ticker,name,sector
AAMI,Acadian Asset Management Inc.,Financials
AAOI,Applied Optoelectronics Inc.,Information Technology
AAP,Advance Auto Parts Inc.,Consumer Discretionary
AARD,Aardvark Therapeutics Inc.,Health Care
AAT,American Assets Trust REIT Inc.,Real Estate
ABAT,American Battery Technology Compan,Materials
ABCB,Ameris Bancorp,Financials
ABEO,Abeona Therapeutics Inc.,Health Care
ABG,Asbury Automotive Group Inc.,Consumer Discretionary
ABM,Abm Industries Inc.,Industrials
ABR,Arbor Realty Trust REIT Inc.,Financials
ABSI,Absci Corp.,Health Care
ABUS,Arbutus Biopharma Corp.,Health Care
ABX,Abacus Global Management Inc. Class,Financials
ACA,Arcosa Inc.,Industrials
ACAD,Acadia Pharmaceuticals Inc.,Health Care
ACCO,Acco Brands Corp.,Industrials
ACDC,Profrac Holding Class a Corp.,Energy
ACEL,Accel Entertainment Inc. Class a,Consumer Discretionary
ACH,Accendra Health Inc.,Health Care
ACHR,Archer Aviation Inc. Class a,Industrials
ACIC,American Coastal Insurance Corp.,Financials
ACIW,Aci Worldwide Inc.,Information Technology
ACLS,Axcelis Technologies Inc.,Information Technology
ACLX,Arcellx Inc.,Health Care
ACMR,Acm Research Class a Inc.,Information Technology
ACNB,Acnb Corp.,Financials
ACNT,Ascent Industries,Materials
ACR,Acres Commercial Realty Corp.,Financials
ACRE,Ares Commercial Real Estate REIT C,Financials
ACRS,Aclaris Therapeutics Inc.,Health Care
ACT,Enact Holdings Inc.,Financials
ACTG,Acacia Research Corp.,Financials
ACTU,Actuate Therapeutics Inc.,Health Care
ACU,Acme United Corp.,Health Care
ACVA,Acv Auctions Inc. Class a,Industrials
ADAM,Adamas Inc. Trust,Financials
ADCT,Adc Therapeutics Sa,Health Care
ADEA,Adeia Inc.,Information Technology
ADMA,Adma Biologics Inc.,Health Care
ADNT,Adient PLC,Consumer Discretionary
ADPT,Adaptive Biotechnologies Corp.,Health Care
ADRO,Chinook Therapeutics Inc.,Health Care
ADRO,Chinook Therapeutics Inc. Cvr,Health Care
ADTN,Adtran Holdings Inc.,Information Technology
ADUS,Addus Homecare Corp.,Health Care
ADV,Advantage Solutions Inc. Class a,Communication Services
AEBI,Aebi Schmidt Holding Ag,Industrials
AEHR,Aehr Test Systems,Information Technology
AEIS,Advanced Energy Industries Inc.,Information Technology
AEO,American Eagle Outfitters Inc.,Consumer Discretionary
AESI,Atlas Energy Solutions Inc.,Energy
AEVA,Aeva Technologies Inc.,Information Technology
AEYE,Audioeye Inc.,Information Technology
AFRI,Forafric Global PLC,Consumer Staples
AGIO,Agios Pharmaceuticals Inc.,Health Care
AGL,Agilon Health,Health Care
AGM,Federal Agricultural Mortgage Non,Financials
AGX,Argan Inc.,Industrials
AGYS,Agilysys Inc.,Information Technology
AHCO,Adapthealth Corp.,Health Care
AHH,Armada Hoffler Properties REIT Inc.,Real Estate
AHR,American Healthcare REIT Inc.,Real Estate
AI,C3 Ai Inc. Class a,Information Technology
AII,American Integrity Insurance Group,Financials
AIN,Albany International Corp. Class a,Industrials
AIOT,Powerfleet Inc.,Information Technology
AIP,Arteris Inc.,Information Technology
AIR,Aar Corp.,Industrials
AIRJ,Airjoule Technologies Corp. Class a,Industrials
AIRO,Airo Group Holdings Inc.,Industrials
AIRS,Airsculpt Technologies Inc.,Health Care
AISP,Airship Ai Holdings Inc. Class a,Information Technology
AIV,Apartment Investment and Managemen,Real Estate
AKBA,Akebia Therapeutics Inc.,Health Care
AKE,Akero Therapeutics Cvr,Health Care
AKR,Acadia Realty Trust REIT,Real Estate
ALCO,Alico Inc.,Consumer Staples
ALDX,Aldeyra Therapeutics Inc.,Health Care
ALEC,Alector Inc.,Health Care
ALEX,Alexander and Baldwin Inc.,Real Estate
ALG,Alamo Group Inc.,Industrials
ALGT,Allegiant Travel,Industrials
ALH,Alliance Laundry Holdings Inc.,Industrials
ALHC,Alignment Healthcare Inc.,Health Care
ALIT,Alight Inc. Class a,Industrials
ALKS,Alkermes,Health Care
ALKT,Alkami Technology Inc.,Information Technology
ALLO,Allogene Therapeutics Inc.,Health Care
ALMS,Alumis Inc.,Health Care
ALMU,Aeluma Inc.,Information Technology
ALNT,Allient Inc.,Industrials
ALRM,Alarm.Com Holdings Inc.,Information Technology
ALRS,Alerus Financial Corp.,Financials
ALT,Altimmune Inc.,Health Care
ALTG,Alta Equipment Group Inc. Class a,Industrials
ALTI,Alti Global Inc. Class a,Financials
ALX,Alexanders REIT Inc.,Real Estate
AMAL,Amalgamated Financial Corp.,Financials
AMBA,Ambarella Inc.,Information Technology
AMBP,Ardagh Metal Packaging Sa,Materials
AMBQ,Ambiq Micro Inc.,Information Technology
AMC,Amc Entertainment Holdings Inc. Cla,Communication Services
AMCX,Amc Networks Class a Inc.,Communication Services
AMLX,Amylyx Pharmaceuticals Inc.,Health Care
AMN,Amn Healthcare Inc.,Health Care
AMPH,Amphastar Pharmaceuticals Inc.,Health Care
AMPL,Amplitude Inc. Class a,Information Technology
AMPX,Amprius Technologies Inc.,Industrials
AMR,Alpha Metallurgical Resource Inc.,Materials
AMRC,Ameresco Inc. Class a,Industrials
AMRX,Amneal Pharmaceuticals Inc. Class a,Health Care
AMSC,American Superconductor Corp.,Industrials
AMSF,Amerisafe Inc.,Financials
AMTB,Amerant Bancorp Inc. Class a,Financials
AMWD,American Woodmark Corp.,Industrials
ANAB,Anaptysbio Inc.,Health Care
ANDE,Andersons Inc.,Consumer Staples
ANF,Abercrombie and Fitch Class a,Consumer Discretionary
ANGI,Angi Inc. Class a,Communication Services
ANGO,Angiodynamics Inc.,Health Care
ANIK,Anika Therapeutics Inc.,Health Care
ANIP,Ani Pharmaceuticals Inc.,Health Care
ANNX,Annexon Inc.,Health Care
AOMR,Angel Oak Mortgage REIT Inc.,Financials
AORT,Artivion Inc.,Health Care
AOSL,Alpha and Omega Semiconductor Ltd.,Information Technology
AOUT,American Outdoor Brands Inc.,Consumer Discretionary
APAM,Artisan Partners Asset Management,Financials
APEI,American Public Education Inc.,Consumer Discretionary
APGE,Apogee Therapeutics Inc.,Health Care
APLD,Applied Digital Corp.,Information Technology
APLE,Apple Hospitality REIT Inc.,Real Estate
APOG,Apogee Enterprises Inc.,Industrials
APPN,Appian Corp. Class a,Information Technology
APPS,Digital Turbine Inc.,Information Technology
AQST,Aquestive Therapeutics Inc.,Health Care
ARAY,Accuray Inc.,Health Care
ARCB,Arcbest Corp.,Industrials
ARCT,Arcturus Therapeutics Holdings Inc.,Health Care
ARDT,Ardent Health Inc.,Health Care
ARDX,Ardelyx Inc.,Health Care
AREN,Arena Group Hldgs Inc.,Communication Services
ARHS,Arhaus Inc. Class a,Consumer Discretionary
ARI,Apollo Commercial Real Estate Fina,Financials
ARKO,Arko,Consumer Discretionary
ARL,American Realty Investors Inc.,Real Estate
ARLO,Arlo Technologies Inc.,Information Technology
AROC,Archrock Inc.,Energy
AROW,Arrow Financial Corp.,Financials
ARQ,Arq Inc.,Materials
ARQT,Arcutis Biotherapeutics Inc.,Health Care
ARR,Armour Residential REIT Inc.,Financials
ARRY,Array Technologies Inc.,Industrials
ARVN,Arvinas Inc.,Health Care
ARWR,Arrowhead Pharmaceuticals Inc.,Health Care
ASAN,Asana Inc. Class a,Information Technology
ASB,Associated Bancorp,Financials
ASC,Ardmore Shipping Corp.,Energy
ASGN,Asgn Inc.,Information Technology
ASIC,Ategrity Specialty Insurance Compa,Financials
ASIX,Advansix Inc.,Materials
ASLE,Aersale Corp.,Industrials
ASO,Academy Sports and Outdoors Inc.,Consumer Discretionary
ASPI,Asp Isotopes Inc.,Materials
ASPN,Aspen Aerogels Inc.,Materials
ASST,Strive Inc. Class a,Financials
ASTE,Astec Industries Inc.,Industrials
ASTH,Astrana Health Inc.,Health Care
ASUR,Asure Software Inc.,Industrials
ATEC,Alphatec Holdngs Inc.,Health Care
ATEN,A10 Networks Inc.,Information Technology
ATEX,Anterix Inc.,Communication Services
ATKR,Atkore Inc.,Industrials
ATLC,Atlanticus Holdings Corp.,Financials
ATLO,Ames National Corp.,Financials
ATMU,Atmus Filtration Technologies Inc.,Industrials
ATNI,Atn International Inc.,Communication Services
ATOM,Atomera Inc.,Information Technology
ATRC,Atricure Inc.,Health Care
ATRO,Astronics Corp.,Industrials
ATYR,Atyr Pharma Inc.,Health Care
AUB,Atlantic Union Bankshares Corp.,Financials
AUPH,Aurinia Pharmaceuticals Inc.,Health Care
AURA,Aura Biosciences Inc.,Health Care
AVA,Avista Corp.,Utilities
AVAH,Aveanna Healthcare Holdings Inc.,Health Care
AVAV,Aerovironment Inc.,Industrials
AVBH,Avidbank Holdings Inc.,Financials
AVBP,Arrivent Biopharma Inc.,Health Care
AVD,Amer Vanguard Corp.,Materials
AVIR,Atea Pharmaceuticals Inc.,Health Care
AVNS,Avanos Medical Inc.,Health Care
AVNT,Avient Corp.,Materials
AVNW,Aviat Networks Inc.,Information Technology
AVO,Mission Produce Inc.,Consumer Staples
AVPT,Avepoint Inc. Class a,Information Technology
AVR,Anteris Technologies Global Corp.,Health Care
AVXL,Anavex Life Sciences Corp.,Health Care
AWR,American States Water,Utilities
AX,Axos Financial Inc.,Financials
AXGN,Axogen Inc.,Health Care
AXSM,Axsome Therapeutics Inc.,Health Care
AZTA,Azenta Inc.,Health Care
AZZ,Azz Inc.,Industrials
BALY,Bally S Corp.,Consumer Discretionary
BANC,Banc of California Inc.,Financials
BAND,Bandwidth Inc. Class a,Communication Services
BANF,Bancfirst Corp.,Financials
BANR,Banner Corp.,Financials
BARK,Bark Inc. Class a,Consumer Discretionary
BATRA,Atlanta Braves Holdings Inc. Series,Communication Services
BATRK,Atlanta Braves Holdings Inc. Series,Communication Services
BBAI,Bigbear.Ai Holdings Inc.,Information Technology
BBBY,Bed Bath and Beyond Inc.,Consumer Discretionary
BBCP,Concrete Pumping Holdings Inc.,Industrials
BBIO,Bridgebio Pharma Inc.,Health Care
BBNX,Beta Bionics Inc.,Health Care
BBSI,Barrett Business Services Inc.,Industrials
BBT,Beacon Financial Corp.,Financials
BBUC,Brookfield Business Corp. Class a,Industrials
BBW,Build a Bear Workshop Inc.,Consumer Discretionary
BCAL,California Bancorp,Financials
BCAX,Bicara Therapeutics Inc.,Health Care
BCBP,Bcb Bancorp Inc.,Financials
BCC,Boise Cascade,Industrials
BCML,Baycom Corp.,Financials
BCO,Brinks,Industrials
BCPC,Balchem Corp.,Materials
BCRX,Biocryst Pharmaceuticals Inc.,Health Care
BDC,Belden Inc.,Information Technology
BDN,Brandywine Realty Trust REIT,Real Estate
BE,Bloom Energy Class a Corp.,Industrials
BEAM,Beam Therapeutics Inc.,Health Care
BEEP,Mobile Infrastructure Corp.,Industrials
BELFA,Bel Fuse Inc. Class a,Information Technology
BELFB,Bel Fuse Inc. Class B,Information Technology
BETR,Better Home Finance Holding Class,Financials
BFC,Bank First Corp.,Financials
BFH,Bread Financial Holdings Inc.,Financials
BFLY,Butterfly Network Inc. Class a,Health Care
BFS,Saul Centers REIT Inc.,Real Estate
BFST,Business First Bancshares Inc.,Financials
BGC,Bgc Group Inc. Class a,Financials
BGS,B and G Foods Inc.,Consumer Staples
BH,Biglari Holdings Inc.inary Class B,Consumer Discretionary
BHB,Bar Harbor Bankshares,Financials
BHE,Benchmark Electronics Inc.,Information Technology
BHR,Braemar Hotels Resorts Inc.,Real Estate
BHRB,Burke Herbert Financial Services C,Financials
BHVN,Biohaven Ltd.,Health Care
BIOA,Bioage Labs Inc.,Health Care
BIPC,Brookfield Infrastructure Corp. Cla,Utilities
BJRI,Bjs Restaurants Inc.,Consumer Discretionary
BKD,Brookdale Senior Living Inc.,Health Care
BKE,Buckle Inc.,Consumer Discretionary
BKH,Black Hills Corp.,Utilities
BKKT,Bakkt Inc. Class a,Financials
BKSY,Blacksky Technology Inc. Class a,Industrials
BKTI,Bk Technologies Corp.,Information Technology
BKU,Bankunited Inc.,Financials
BKV,Bkv Corp.,Energy
BL,Blackline Inc.,Information Technology
BLBD,Blue Bird Corp.,Industrials
BLFS,Biolife Solutions Inc.,Health Care
BLFY,Blue Foundry Bancorp,Financials
BLKB,Blackbaud Inc.,Information Technology
BLMN,Bloomin Brands Inc.,Consumer Discretionary
BLND,Blend Labs Inc. Class a,Information Technology
BLX,Banco Latinoamericano De Comercio,Financials
BLZE,Backblaze Inc. Class a,Information Technology
BMBL,Bumble Inc. Class a,Communication Services
BMI,Badger Meter Inc.,Information Technology
BMRC,Bank of Marin Bancorp,Financials
BNED,Barnes and Noble Education Inc.,Consumer Discretionary
BNL,Broadstone Net Lease Inc.,Real Estate
BNTC,Benitec Biopharma Inc.,Health Care
BOC,Boston Omaha Corp. Class a,Communication Services
BOH,Bank of Hawaii Corp.,Financials
BOOM,Dmc Global Inc.,Energy
BOOT,Boot Barn Holdings Inc.,Consumer Discretionary
BORR,Borr Drilling Ltd.,Energy
BOW,Bowhead Specialty Holdings Inc.,Financials
BOX,Box Inc. Class a,Information Technology
BPRN,Princeton Bancorp Inc.,Financials
BRBS,Blue Ridge Bankshares Inc.,Financials
BRCB,Black Rock Coffee Bar Inc. Class a,Consumer Discretionary
BRCC,Brc Inc. Class a,Consumer Staples
BRSL,Brightstar Lottery PLC,Consumer Discretionary
BRSP,Brightspire Capital Inc. Class a,Financials
BRT,Brt Apartments Corp.,Real Estate
BRZE,Braze Inc. Class a,Information Technology
BSET,Bassett Furniture Industries Inc.,Consumer Discretionary
BSRR,Sierra Bancorp,Financials
BSVN,Bank7 Corp.,Financials
BTBT,Bit Digital Inc.,Information Technology
BTDR,Bitdeer Technologies Group Class a,Information Technology
BTMD,Biote Corp. Class a,Health Care
BTSG,Brightspring Health Services Inc.,Health Care
BTU,Peabody Energy Corp.,Energy
BULL,Webull Corp. Class a,Financials
BUR,Burford Capital Ltd.,Financials
BUSE,First Busey Corp.,Financials
BV,Brightview Holdings Inc.,Industrials
BVFL,Bv Financial Inc.,Financials
BVS,Bioventus Class a Inc.,Health Care
BWB,Bridgewater Bancshares Inc.,Financials
BWFG,Bankwell Financial Group Inc.,Financials
BWIN,Baldwin Insurance Group Inc. Class,Financials
BWMN,Bowman Consulting Group Ltd.,Industrials
BXC,Bluelinx Holdings Inc.,Industrials
BXMT,Blackstone Mortgage Trust REIT Cla,Financials
BY,Byline Bancorp Inc.,Financials
BYND,Beyond Meat Inc.,Consumer Staples
BYRN,Byrna Technologies Inc.,Industrials
BZAI,Blaize Holdings Inc.,Information Technology
BZH,Beazer Homes Inc.,Consumer Discretionary
CABO,Cable One Inc.,Communication Services
CAC,Camden National Corp.,Financials
CADL,Candel Therapeutics Inc.,Health Care
CAKE,Cheesecake Factory Inc.,Consumer Discretionary
CAL,Caleres Inc.,Consumer Discretionary
CALM,Cal Maine Foods Inc.,Consumer Staples
CALX,Calix Networks Inc.,Information Technology
CALY,Callaway Golf Company,Consumer Discretionary
CAPR,Capricor Therapeutics Inc.,Health Care
CARE,Carter Bankshares Inc.,Financials
CARG,Cargurus Inc. Class a,Communication Services
CARL,Carlsmed Inc.,Health Care
CARS,Cars.Com Inc.,Communication Services
CASH,Pathward Financial Inc.,Financials
CASS,Cass Information Systems Inc.,Financials
CATX,Perspective Therapeutics Inc.,Health Care
CATY,Cathay General Bancorp,Financials
CBAN,Colony Bankcorp Inc.,Financials
CBFV,Cb Financial Services Inc.,Financials
CBK,Commercial Bancgroup Inc.,Financials
CBL,Cbl Associates Properties Inc.,Real Estate
CBLL,Ceribell Inc.,Health Care
CBNA,Chain Bridge Bancorp Inc. Class a,Financials
CBNK,Capital Bancorp Inc.,Financials
CBRL,Cracker Barrel Old Country Store I,Consumer Discretionary
CBT,Cabot Corp.,Materials
CBU,Community Financial System Inc.,Financials
CBZ,Cbiz Inc.,Industrials
CC,Chemours,Materials
CCB,Coastal Financial Corp.,Financials
CCBG,Capital City Bank Inc.,Financials
CCNE,Cnb Financial Corp.,Financials
CCOI,Cogent Communications Holdings Inc.,Communication Services
CCRN,Cross Country Healthcare Inc.,Health Care
CCS,Century Communities Inc.,Consumer Discretionary
CCSI,Consensus Cloud Solutions Inc.,Information Technology
CD,Chaince Digital Holdings Inc.,Information Technology
CDE,Coeur Mining Inc.,Materials
CDNA,Caredx Inc.,Health Care
CDP,Copt Defense Properties,Real Estate
CDRE,Cadre Holdings Inc.,Industrials
CDXS,Codexis Inc.,Health Care
CDZI,Cadiz Inc.,Utilities
CECO,Ceco Environmental Corp.,Industrials
CELC,Celcuity Inc.,Health Care
CENT,Central Garden and Pet,Consumer Staples
CENTA,Central Garden and Pet Class a,Consumer Staples
CENX,Century Aluminum,Materials
CERS,Cerus Corp.,Health Care
CEVA,Ceva Inc.,Information Technology
CFBK,Cf Bankshares Inc.,Financials
CFFI,C and F Financial Corp.,Financials
CFFN,Capitol Federal Financial Inc.,Financials
CGEM,Cullinan Therapeutics Inc.,Health Care
CGON,Cg Oncology Inc.,Health Care
CHCO,City Holding,Financials
CHCT,Community Healthcare Trust Inc.,Real Estate
CHEF,Chefs Warehouse Inc.,Consumer Staples
CHMG,Chemung Financial Corp.,Financials
CHRS,Coherus Oncology Inc.,Health Care
CIA,Citizens Inc. Class a,Financials
CIFR,Cipher Mining Inc.,Information Technology
CIM,Chimera Investment Corp.,Financials
CIVB,Civista Bancshares Inc.,Financials
CIX,Compx International Inc. Class a,Industrials
CLAR,Clarus Corp.,Consumer Discretionary
CLB,Core Laboratories Inc.,Energy
CLBK,Columbia Financial Inc.,Financials
CLDT,Chatham Lodging Trust REIT,Real Estate
CLDX,Celldex Therapeutics Inc.,Health Care
CLFD,Clearfield Inc.,Information Technology
CLMB,Climb Global Solutions Inc.,Information Technology
CLMT,Calumet Inc.,Energy
CLNE,Clean Energy Fuels Corp.,Energy
CLOV,Clover Health Investments Corp. Cla,Health Care
CLPR,Clipper Realty Inc.,Real Estate
CLPT,Clearpoint Neuro Inc.,Health Care
CLSK,Cleanspark Inc.,Information Technology
CLW,Clearwater Paper Corp.,Materials
CMC,Commercial Metals,Materials
CMCL,Caledonia Mining PLC,Materials
CMCO,Columbus Mckinnon Corp.,Industrials
CMDB,Costamare Bulkers Holdings Ltd.,Industrials
CMP,Compass Minerals International Inc.,Materials
CMPR,Cimpress PLC,Industrials
CMPX,Compass Therapeutics,Health Care
CMRC,Bigcommerce Holdings Inc. Series,Information Technology
CMRE,Costamare Inc.,Industrials
CMT,Core Molding Technologies Inc.,Materials
CMTG,Claros Mortgage Trust Inc.,Financials
CNDT,Conduent Inc.,Industrials
CNK,Cinemark Holdings Inc.,Communication Services
CNMD,Conmed Corp.,Health Care
CNNE,Cannae Holdings Inc.,Financials
CNO,Cno Financial Group Inc.,Financials
CNOB,Connectone Bancorp Inc.,Financials
CNR,Core Natural Resources Inc.,Energy
CNS,Cohen & Steers Inc.,Financials
CNX,Cnx Resources Corp.,Energy
CNXN,Pc Connection Inc.,Information Technology
COCO,The Vita Coco Company Inc.,Consumer Staples
CODI,Compass Diversified,Financials
COFS,Choiceone Financial Services Inc.,Financials
COGT,Cogent Biosciences Inc.,Health Care
COHU,Cohu Inc.,Information Technology
COLL,Collegium Pharmaceutical Inc.,Health Care
COMP,Compass Inc. Class a,Real Estate
CON,Concentra Group Holdings Parent in,Health Care
COOK,Traeger Inc.,Consumer Discretionary
CORZ,Core Scientific Inc.,Information Technology
COSO,Coastalsouth Bancshares Inc.,Financials
COUR,Coursera Inc.,Consumer Discretionary
CPF,Central Pacific Financial Corp.,Financials
CPK,Chesapeake Utilities Corp.,Utilities
CPRI,Capri Holdings Ltd.,Consumer Discretionary
CPRX,Catalyst Pharmaceuticals Inc.,Health Care
CPS,Cooper Standard Holdings Inc.,Consumer Discretionary
CPSS,Consumer Portfolio Services Inc.,Financials
CRAI,Cra International Inc.,Industrials
CRC,California Resources Corp.,Energy
CRCT,Cricut Inc. Class a,Consumer Discretionary
CRDA,Crawford Class a,Financials
CRDF,Cardiff Oncology Inc.,Health Care
CRDO,Credo Technology Group Holding Ltd.,Information Technology
CRGY,Crescent Energy Class a,Energy
CRI,Carters Inc.,Consumer Discretionary
CRK,Comstock Resources Inc.,Energy
CRMD,Cormedix Inc.,Health Care
CRML,Critical Metals Corp.,Materials
CRMT,Americas Car Mart Inc.,Consumer Discretionary
CRNC,Cerence Inc.,Information Technology
CRNX,Crinetics Pharmaceuticals Inc.,Health Care
CRSP,Crispr Therapeutics Ag,Health Care
CRSR,Corsair Gaming Inc.,Information Technology
CRVL,Corvel Corp.,Health Care
CRVS,Corvus Pharmaceuticals Inc.,Health Care
CSGS,Csg Systems International Inc.,Industrials
CSPI,Csp Inc.,Information Technology
CSR,Centerspace,Real Estate
CSTL,Castle Biosciences Inc.,Health Care
CSTM,Constellium Se Class a,Materials
CSV,Carriage Services Inc.,Consumer Discretionary
CSW,Csw Industrials Inc.,Industrials
CTBI,Community Trust Bancorp Inc.,Financials
CTEV,Claritev Corp. Class a,Health Care
CTGO,Contango Ore Inc.,Materials
CTKB,Cytek Biosciences Inc.,Health Care
CTLP,Cantaloupe Inc.,Financials
CTO,Cto Realty Growth Inc.,Real Estate
CTOS,Custom Truck One Source Inc.,Industrials
CTRE,Caretrust REIT Inc.,Real Estate
CTRI,Centuri Holdings Inc.,Industrials
CTRN,Citi Trends Inc.,Consumer Discretionary
CTS,Cts Corp.,Information Technology
CUBI,Customers Bancorp Inc.,Financials
CURB,Curbline Properties,Real Estate
CURI,Curiositystream Inc. Class a,Communication Services
CURV,Torrid Holdings Inc.,Consumer Discretionary
CV,Capsovision Inc.,Health Care
CVBF,Cvb Financial Corp.,Financials
CVCO,Cavco Industries Inc.,Consumer Discretionary
CVGW,Calavo Growers Inc.,Consumer Staples
CVI,Cvr Energy Inc.,Energy
CVLG,Covenant Logistics Group Inc. Class,Industrials
CVLT,Commvault Systems Inc.,Information Technology
CVRX,Cvrx Inc.,Health Care
CVSA,Covista Inc.,Consumer Discretionary
CWAN,Clearwater Analytics Holdings Inc.,Information Technology
CWBC,Community West Bancshares,Financials
CWCO,Consolidated Water Ltd.,Utilities
CWH,Camping World Holdings Inc. Class a,Consumer Discretionary
CWK,Cushman and Wakefield Ltd.,Real Estate
CWST,Casella Waste Systems Inc. Class a,Industrials
CWT,California Water Service Group,Utilities
CXDO,Crexendo Inc.,Information Technology
CXM,Sprinklr Inc. Class a,Information Technology
CXW,Corecivic REIT Inc.,Industrials
CYH,Community Health Systems Inc.,Health Care
CYRX,Cryoport Inc.,Health Care
CYTK,Cytokinetics Inc.,Health Care
CZFS,Citizens Financial Services Inc.,Financials
CZNC,Citizens and Northern Corp.,Financials
CZWI,Citizens Community Bancorp Inc.,Financials
DAKT,Daktronics Inc.,Information Technology
DAN,Dana Inc.orporated Inc.,Consumer Discretionary
DAVE,Dave Inc. Class a,Financials
DAWN,Day One Biopharmaceuticals Inc.,Health Care
DBD,Diebold Nixdorf Inc.,Information Technology
DBI,Designer Brands Inc. Class a,Consumer Discretionary
DBRG,Digitalbridge Group Inc. Class a,Financials
DC,Dakota Gold Corp.,Materials
DCGO,Docgo Inc.,Health Care
DCH,Dauch Corp.oration,Consumer Discretionary
DCO,Ducommun Inc.,Industrials
DCOM,Dime Community Bancshares Inc.,Financials
DCTH,Delcath Sys Inc.,Health Care
DDD,3D Systems Corp.,Industrials
DEA,Easterly Government Properties Inc.,Real Estate
DEC,Diversified Energy Company,Energy
DEI,Douglas Emmett REIT Inc.,Real Estate
DERM,Journey Medical Corp.,Health Care
DFH,Dream Finders Homes Inc. Class a,Consumer Discretionary
DFIN,Donnelley Financial Solutions Inc.,Financials
DFTX,Definium Therapeutics Inc.,Health Care
DGICA,Donegal Group Inc. Class a,Financials
DGII,Digi International Inc.,Information Technology
DH,Definitive Healthcare Corp. Class a,Health Care
DHC,Diversified Healthcare Trust,Real Estate
DHIL,Diamond Hill Investment Group Inc.,Financials
DHT,Dht Holdings Inc.,Energy
DIN,Dine Brands Global Inc.,Consumer Discretionary
DIOD,Diodes Inc.,Information Technology
DJCO,Daily Journal Corp.,Information Technology
DK,Delek Us Holdings Inc.,Energy
DLX,Deluxe Corp.,Industrials
DMAC,Diamedica Therapeutics Inc.,Health Care
DMRC,Digimarc Corp.,Information Technology
DNA,Ginkgo Bioworks Holdings Inc. Class,Health Care
DNLI,Denali Therapeutics Inc.,Health Care
DNOW,Dnow Inc.,Industrials
DNTH,Dianthus Therapeutics Inc.,Health Care
DNUT,Krispy Kreme Inc.,Consumer Discretionary
DOCN,Digitalocean Holdings Inc.,Information Technology
DOLE,Dole PLC,Consumer Staples
DOMO,Domo Inc. Class B,Information Technology
DORM,Dorman Products Inc.,Consumer Discretionary
DOUG,Douglas Elliman Inc.,Real Estate
DRH,Diamondrock Hospitality,Real Estate
DRUG,Bright Minds Biosciences Inc.,Health Care
DRVN,Driven Brands Holdings Inc.,Consumer Discretionary
DSGN,Design Therapeutics Inc.,Health Care
DSGR,Distribution Solutions Group Inc.,Industrials
DSP,Viant Technology Inc. Class a,Information Technology
DX,Dynex Capital REIT Inc.,Financials
DXPE,Dxp Enterprises Inc.,Industrials
DY,Dycom Industries Inc.,Industrials
DYN,Dyne Therapeutics Inc.,Health Care
EAT,Brinker International Inc.,Consumer Discretionary
EB,Eventbrite Class a Inc.,Communication Services
EBC,Eastern Bankshares Inc.,Financials
EBF,Ennis Inc.,Industrials
EBMT,Eagle Bancorp Montana Inc.,Financials
EBS,Emergent Biosolutions Inc.,Health Care
ECBK,Ecb Bancorp Inc.,Financials
ECPG,Encore Capital Group Inc.,Financials
ECVT,Ecovyst Inc.,Materials
EDIT,Editas Medicine Inc.,Health Care
EE,Excelerate Energy Inc. Class a,Energy
EEX,Emerald Holding Inc.,Communication Services
EFC,Ellington Financial Inc.,Financials
EFSC,Enterprise Financial Services Corp.,Financials
EFSI,Eagle Financial Services Inc.,Financials
EGAN,Egain Corp.,Information Technology
EGBN,Eagle Bancorp Inc.,Financials
EGHT,8X8 Inc.,Information Technology
EGY,Vaalco Energy Inc.,Energy
EHAB,Enhabit Inc.,Health Care
EHTH,Ehealth Inc.,Financials
EIG,Employers Holdings Inc.,Financials
ELA,Envela Corp.,Consumer Discretionary
ELDN,Eledon Pharmaceuticals Inc.,Health Care
ELMD,Electromed Inc.,Health Care
ELVN,Enliven Therapeutics Inc.,Health Care
EMBC,Embecta Corp.,Health Care
EML,Eastern,Industrials
ENOV,Enovis Corp.,Health Care
ENR,Energizer Holdings Inc.,Consumer Staples
ENS,Enersys,Industrials
ENSG,Ensign Group Inc.,Health Care
ENTA,Enanta Pharmaceuticals Inc.,Health Care
ENVA,Enova International Inc.,Financials
ENVX,Enovix Corp.,Industrials
EOLS,Evolus Inc.,Health Care
EOSE,Eos Energy Enterprises Inc. Class a,Industrials
EP,Empire Petroleum Corp.,Energy
EPAC,Enerpac Tool Group Corp. Class a,Industrials
EPC,Edgewell Personal Care,Consumer Staples
EPM,Evolution Petroleum Corp.,Energy
EPRT,Essential Properties Realty Trust,Real Estate
EPSN,Epsilon Energy Ltd.,Energy
EQBK,Equity Bancshares Inc. Class a,Financials
ERAS,Erasca Inc.,Health Care
ERII,Energy Recovery Inc.,Industrials
ESCA,Escalade Inc.,Consumer Discretionary
ESE,Esco Technologies Inc.,Industrials
ESNT,Essent Group Ltd.,Financials
ESOA,Energy Services of America Corp.,Energy
ESPR,Esperion Therapeutics Inc.,Health Care
ESQ,Esquire Financial Holdings Inc.,Financials
ESRT,Empire State Realty REIT Inc. Trust,Real Estate
ETD,Ethan Allen Interiors Inc.,Consumer Discretionary
ETON,Eton Pharmaceutcials Inc.,Health Care
EU,Encore Energy Corp.,Energy
EVC,Entravision Communications Corp. Cl,Communication Services
EVCM,Evercommerce Inc.,Information Technology
EVER,Everquote Inc. Class a,Communication Services
EVEX,Eve Holding Inc.,Industrials
EVGO,Evgo Inc. Class a,Consumer Discretionary
EVH,Evolent Health Inc. Class a,Health Care
EVI,Evi Industries Inc.,Industrials
EVLV,Evolv Technologies Holdings Inc. Cl,Information Technology
EVTC,Evertec Inc.,Financials
EWCZ,European Wax Center Inc. Class a,Consumer Discretionary
EWTX,Edgewise Therapeutics Inc.,Health Care
EXFY,Expensify Inc. Class a,Information Technology
EXPI,Exp World Holdings Inc.,Real Estate
EXPO,Exponent Inc.,Industrials
EXTR,Extreme Networks Inc.,Information Technology
EYE,National Vision Holdings Inc.,Consumer Discretionary
EYPT,Eyepoint Inc.,Health Care
FA,First Advantage Corp.,Industrials
FATE,Fate Therapeutics Inc.,Health Care
FBIZ,First Business Financial Services,Financials
FBK,Fb Financial Corp.,Financials
FBLA,Fb Bancorp Inc.,Financials
FBNC,First Bancorp,Financials
FBP,First Bancorp,Financials
FBRT,Franklin Bsp Realty Trust Inc.,Financials
FBYD,Falcon S Beyond Global Inc. Class a,Industrials
FC,Franklin Covey,Industrials
FCAP,First Capital Inc.,Financials
FCBC,First Community Bankshares Inc.,Financials
FCCO,First Community Corp.,Financials
FCF,First Commonwealth Financial Corp.,Financials
FCFS,Firstcash Holdings Inc.,Financials
FCPT,Four Corners Property Inc. Trust,Real Estate
FDBC,Fidelity D and D Bancorp Inc.,Financials
FDMT,4D Molecular Therapeutics Inc.,Health Care
FDP,Fresh Del Monte Produce Inc.,Consumer Staples
FEIM,Frequency Electronics Inc.,Information Technology
FELE,Franklin Electric Inc.,Industrials
FENC,Fennec Pharmaceuticals Inc.,Health Care
FET,Forum Energy Technologies Inc.,Energy
FF,Futurefuel Corp.,Energy
FFAI,Faraday Future Intelligent Electri,Consumer Discretionary
FFBC,First Financial Bancorp,Financials
FFIC,Flushing Financial Corp.,Financials
FFIN,First Financial Bankshares Inc.,Financials
FFWM,First Foundation Inc.,Financials
FG,F&G Annuities and Life Inc.,Financials
FHTX,Foghorn Therapeutics Inc.,Health Care
FIBK,First Interstate Bancsystem Inc.,Financials
FIGS,Figs Inc. Class a,Consumer Discretionary
FIHL,Fidelis Insurance Holdings Ltd.,Financials
FINW,Finwise Bancorp,Financials
FIP,Ftai Infrastructure Inc.,Industrials
FISI,Financial Institutions Inc.,Financials
FIVN,Five9 Inc.,Information Technology
FIZZ,National Beverage Corp.,Consumer Staples
FLG,Flagstar Bank National Association,Financials
FLGT,Fulgent Genetics Inc.,Health Care
FLNC,Fluence Energy Inc. Class a,Industrials
FLNG,Flex Lng Ltd.,Energy
FLOC,Flowco Holdings Inc. Class a,Energy
FLR,Fluor Corp.,Industrials
FLWS,1-800 Flowers.Com Inc. Class a,Consumer Discretionary
FLXS,Flexsteel Industries Inc.,Consumer Discretionary
FLY,Firefly Aerospace Inc.,Industrials
FLYW,Flywire Corp.,Financials
FMAO,Farmers and Merchants Bancorp Inc.,Financials
FMBH,First Mid Bancshares Inc.,Financials
FMNB,Farmers National Banc Corp.,Financials
FN,Fabrinet,Information Technology
FNKO,Funko Inc. Class a,Consumer Discretionary
FNLC,First Bancorp Inc.,Financials
FNWD,Finward Bancorp,Financials
FOA,Finance of America Companies Inc. C,Financials
FOLD,Amicus Therapeutics Inc.,Health Care
FOR,Forestar Group Inc.,Real Estate
FORM,Formfactor Inc.,Information Technology
FORR,Forrester Research Inc.,Industrials
FOXF,Fox Factory Holding Corp.,Consumer Discretionary
FPI,Farmland Partners Inc.,Real Estate
FRAF,Franklin Financial Services Corp.,Financials
FRBA,First Bank,Financials
FRD,Friedman Industries Inc.,Materials
FRGE,Forge Global Holdings Inc.,Financials
FRME,First Merchants Corp.,Financials
FRPH,Frp Holdings Inc.,Real Estate
FRSH,Freshworks Inc. Class a,Information Technology
FRST,Primis Financial Corp.,Financials
FSBC,Five Star Bancorp,Financials
FSBW,Fs Bancorp Inc.,Financials
FSLY,Fastly Inc. Class a,Information Technology
FSP,Franklin Street Properties REIT Co,Real Estate
FSS,Federal Signal Corp.,Industrials
FSTR,Lb Foster,Industrials
FSUN,Firstsun Capital Bancorp,Financials
FTDR,Frontdoor Inc.,Consumer Discretionary
FTK,Flotek Industries Inc.,Materials
FTLF,Fitlife Brands Inc.,Consumer Staples
FTRE,Fortrea Holdings Inc.,Health Care
FUBO,Fubotv Inc. Class a,Communication Services
FUL,Hb Fuller,Materials
FULC,Fulcrum Therapeutics Inc.,Health Care
FULT,Fulton Financial Corp.,Financials
FUN,Six Flags Entertainment Corp.,Consumer Discretionary
FUNC,First United Corp.,Financials
FVCB,Fvcbankcorp Inc.,Financials
FVR,Frontview REIT Inc.,Real Estate
FWRD,Forward Air Corp.,Industrials
FWRG,First Watch Restaurant Group Inc.,Consumer Discretionary
FXNC,First National Corp.,Financials
GABC,German American Bancorp Inc.,Financials
GAIA,Gaia Inc. Class a,Communication Services
GAMB,Gambling Com Group Ltd.,Communication Services
GATX,Gatx Corp.,Industrials
GBCI,Glacier Bancorp Inc.,Financials
GBFH,Gbank Finl Hldgs Inc.,Financials
GBTG,Global Business Travel Group Inc. C,Consumer Discretionary
GBX,Greenbrier Inc.,Industrials
GCBC,Greene County Bancorp Inc.,Financials
GCMG,Gcm Grosvenor Inc. Class a,Financials
GCO,Genesco Inc.,Consumer Discretionary
GCT,Gigacloud Technology Inc. Class a,Consumer Discretionary
GDEN,Golden Entertainment Inc.,Consumer Discretionary
GDOT,Green Dot Corp. Class a,Financials
GDYN,Grid Dynamics Holdings Inc. Class a,Information Technology
GEF,Greif Inc. Class a,Materials
GEFB,Greif Inc. Class B,Materials
GENC,Gencor Industries Inc.,Industrials
GENI,Genius Sports Ltd.,Consumer Discretionary
GEO,Geo Group Inc.,Industrials
GERN,Geron Corp.,Health Care
GETY,Getty Images Holdings Inc. Class a,Communication Services
GEVO,Gevo Inc.,Energy
GFF,Griffon Corp.,Industrials
GH,Guardant Health Inc.,Health Care
GHC,Graham Holdings Company Class B,Consumer Discretionary
GHM,Graham Corp.,Industrials
GIC,Global Industrial,Industrials
GIII,G Iii Apparel Group Ltd.,Consumer Discretionary
GKOS,Glaukos Corp.,Health Care
GLDD,Great Lakes Dredge and Dock Corp.,Industrials
GLNG,Golar Lng Ltd.,Energy
GLRE,Greenlight Capital Ltd. Class a,Financials
GLSI,Greenwich Lifesciences Inc.,Health Care
GLUE,Monte Rosa Therapeutics Inc.,Health Care
GMGI,Golden Matrix Group Inc.,Communication Services
GNE,Genie Energy Ltd. Class B,Utilities
GNK,Genco Shipping and Trading Ltd.,Industrials
GNL,Global Net Lease Inc.,Real Estate
GNW,Genworth Financial Inc.,Financials
GO,Grocery Outlet Holding Corp.,Consumer Staples
GOCO,Gohealth Inc. Class a,Financials
GOGO,Gogo Inc.,Communication Services
GOLD,Gold Inc.,Consumer Discretionary
GOLF,Acushnet Holdings Corp.,Consumer Discretionary
GOOD,Gladstone Commercial REIT Corp.,Real Estate
GOSS,Gossamer Bio Inc.,Health Care
GPGI,Gpgi Inc. Class a,Information Technology
GPI,Group Automotive Inc.,Consumer Discretionary
GPOR,Gulfport Energy Corp.,Energy
GPRE,Green Plains Inc.,Energy
GRAL,Grail Inc.,Health Care
GRBK,Green Brick Partners Inc.,Consumer Discretionary
GRC,Gorman-Rupp,Industrials
GRDN,Guardian Pharmacy Services Inc. Cla,Health Care
GRND,Grindr Inc.,Communication Services
GRNT,Granite Ridge Resources Inc.,Energy
GRPN,Groupon Inc.,Consumer Discretionary
GSAT,Globalstar Voting Inc.,Communication Services
GSBC,Great Southern Bancorp Inc.,Financials
GSHD,Goosehead Insurance Inc. Class a,Financials
GSM,Ferroglobe PLC,Materials
GT,Goodyear Tire & Rubber,Consumer Discretionary
GTLS,Chart Industries Inc.,Industrials
GTN,Gray Media Inc.,Communication Services
GTX,Garrett Motion Inc.,Consumer Discretionary
GTXI,Gtxi Inc. - Cvr,Health Care
GTY,Getty Realty REIT Corp.,Real Estate
GVA,Granite Construction Inc.,Industrials
GWRS,Global Water Resources Inc.,Utilities
GYRE,Gyre Therapeutics Inc.,Health Care
HAE,Haemonetics Corp.,Health Care
HAFC,Hanmi Financial Corp.,Financials
HAIN,Hain Celestial Group Inc.,Consumer Staples
HASI,Ha Sustainable Infrastructure Capi,Financials
HBB,Hamilton Beach Brands Holding Comp,Consumer Discretionary
HBCP,Home Bancorp Inc.,Financials
HBNC,Horizon Bancorp Inc.,Financials
HBT,Hbt Financial Inc.,Financials
HCAT,Health Catalyst Inc.,Health Care
HCC,Warrior Met Coal Inc.,Materials
HCI,Hci Group Inc.,Financials
HCKT,Hackett Group Inc.,Information Technology
HCSG,Healthcare Services Group Inc.,Industrials
HDSN,Hudson Technologies Inc.,Industrials
HE,Hawaiian Electric Industries Inc.,Utilities
HELE,Helen of Troy Ltd.,Consumer Discretionary
HFFG,Hf Foods Group Inc.,Consumer Staples
HFWA,Heritage Financial Corp.,Financials
HG,Hamilton Insurance Group Ltd. Class,Financials
HGV,Hilton Grand Vacations Inc.,Consumer Discretionary
HIFS,Hingham Institution for Savings,Financials
HIMS,Hims Hers Health Inc. Class a,Health Care
HIPO,Hippo Holdings Inc.,Financials
HL,Hecla Mining,Materials
HLF,Herbalife Ltd.,Consumer Staples
HLIO,Helios Technologies Inc.,Industrials
HLIT,Harmonic Inc.,Information Technology
HLLY,Holley Inc.,Consumer Discretionary
HLMN,Hillman Solutions Corp.,Industrials
HLX,Helix Energy Solutions Group Inc.,Energy
HMN,Horace Mann Educators Corp.,Financials
HNI,Hni Corp.,Industrials
HNRG,Hallador Energy,Utilities
HNST,The Honest Company Inc.,Consumer Staples
HNVR,Hanover Bancorp Inc.,Financials
HOMB,Home Bancshares Inc.,Financials
HOPE,Hope Bancorp Inc.,Financials
HOV,Hovnanian Enterprises Inc. Class a,Consumer Discretionary
HP,Helmerich & Payne Inc.,Energy
HPK,Highpeak Energy Inc.,Energy
HPP,Hudson Pacific Properties REIT Inc.,Real Estate
HQI,Hirequest Inc.,Industrials
HQY,Healthequity Inc.,Health Care
HRI,Herc Holdings Inc.,Industrials
HRMY,Harmony Biosciences Hldg Inc.,Health Care
HROW,Harrow Inc.,Health Care
HRTG,Heritage Insurance Holdings Inc.,Financials
HRTX,Heron Therapeutics Inc.,Health Care
HSHP,Himalaya Shipping Ltd.,Industrials
HSTM,Healthstream Inc.,Health Care
HTB,Hometrust Bancshares Inc.,Financials
HTBK,Heritage Commerce Corp.,Financials
HTFL,Heartflow Inc.,Health Care
HTH,Hilltop Holdings Inc.,Financials
HTLD,Heartland Express Inc.,Industrials
HTO,H2O America,Utilities
HTZ,Hertz Global Hldgs Inc.,Industrials
HUBG,Hub Group Inc. Class a,Industrials
HUMA,Humacyte Inc.,Health Care
HURA,Tuhura Biosciences Inc.,Health Care
HURN,Huron Consulting Group Inc.,Industrials
HUT,Hut Corp.,Information Technology
HVT,Haverty Furniture Companies Inc.,Consumer Discretionary
HWBK,Hawthorn Bancshares Inc.,Financials
HWC,Hancock Whitney Corp.,Financials
HWKN,Hawkins Inc.,Materials
HY,Hyster Yale Inc. Class a,Industrials
HYLN,Hyliion Holdings Corp.,Industrials
HZO,Marinemax Inc.,Consumer Discretionary
IART,Integra Lifesciences Holdings Corp.,Health Care
IBCP,Independent Bank Corp.,Financials
IBEX,Ibex Ltd.,Industrials
IBOC,International Bancshares Corp.,Financials
IBP,Installed Building Products Inc.,Consumer Discretionary
IBRX,Immunitybio Inc.,Health Care
IBTA,Ibotta Inc. Class a,Communication Services
ICFI,Icf International Inc.,Industrials
ICHR,Ichor Holdings Ltd.,Information Technology
ICUI,Icu Medical Inc.,Health Care
IDCC,Interdigital Inc.,Information Technology
IDR,Idaho Strategic Resources Inc.,Materials
IDT,Idt Corp. Class B,Communication Services
IDYA,Ideaya Biosciences Inc.,Health Care
IE,Ivanhoe Electric Inc.,Materials
IESC,Ies Inc.,Industrials
IHRT,Iheartmedia Inc. Class a,Communication Services
III,Information Services Group Inc.,Information Technology
IIIN,Insteel Industries Inc.,Industrials
IIIV,I3 Verticals Inc. Class a,Information Technology
IIPR,Innovative Industrial Properties I,Real Estate
IKT,Inhibikase Therapeutics Inc.,Health Care
ILPT,Industrial Logistics Properties Tr,Real Estate
IMAX,Imax Corp.,Communication Services
IMKTA,Ingles Markets Inc. Class a,Consumer Staples
IMMR,Immersion Corp.,Information Technology
IMNM,Immunome Inc.,Health Care
IMVT,Immunovant Inc.,Health Care
IMXI,International Money Express Inc.,Financials
INBK,First Internet Bancorp,Financials
INBX,Inhibrx Biosciences Inc.,Health Care
INDB,Independent Bank Corp.,Financials
INDI,Indie Semiconductor Inc. Class a,Information Technology
INDV,Indivior Pharmaceuticals Inc.,Health Care
INGN,Inogen Inc.,Health Care
INH,Inhibrx Inc. Cvr,Health Care
INMB,Inmune Bio Inc.,Health Care
INN,Summit Hotel Properties REIT Inc.,Real Estate
INNV,Innovage Holding Corp.,Health Care
INOD,Innodata Inc.,Industrials
INR,Infinity Natural Resources Inc. Cla,Energy
INSE,Inspired Entertainment Inc.,Consumer Discretionary
INSG,Inseego Corp.,Information Technology
INSW,International Seaways Inc.,Energy
INTA,Intapp Inc.,Information Technology
INV,Innventure Inc.,Financials
INVA,Innoviva Inc.,Health Care
INVX,Innovex International Inc.,Energy
IONQ,Ionq Inc.,Information Technology
IOSP,Innospec Inc.,Materials
IOVA,Iovance Biotherapeutics Inc.,Health Care
IPAR,Interparfums Inc.,Consumer Staples
IPI,Intrepid Potash Inc.,Materials
IRMD,Iradimed Corp.,Health Care
IRON,Disc Medicine Inc.,Health Care
IRT,Independence Realty Inc. Trust,Real Estate
IRTC,Irhythm Holdings Inc.,Health Care
IRWD,Ironwood Pharma Inc. Class a,Health Care
ISPR,Ispire Technology Inc.,Consumer Staples
ISTR,Investar Holding Corp.,Financials
ITGR,Integer Holdings Corp.,Health Care
ITIC,Investors Title,Financials
ITRI,Itron Inc.,Information Technology
IVR,Invesco Mortgage Capital REIT Inc.,Financials
IVT,Inventrust Properties Corp.,Real Estate
JACK,Jack in the Box Inc.,Consumer Discretionary
JAKK,Jakks Pacific Inc.,Consumer Discretionary
JANX,Janux Therapeutics Inc.,Health Care
JBGS,Jbg Smith Properties,Real Estate
JBI,Janus International Group Inc.,Industrials
JBIO,Jade Biosciences Inc.,Health Care
JBLU,Jetblue Airways Corp.,Industrials
JBSS,John B Sanfilippo and Son Inc.,Consumer Staples
JBTM,Jbt Marel Corp.,Industrials
JCAP,Jefferson Capital Inc.,Financials
JELD,Jeld Wen Holding Inc.,Industrials
JILL,J Jill Inc.,Consumer Discretionary
JJSF,J and J Snack Foods Corp.,Consumer Staples
JMSB,John Marshall Bancorp Inc.,Financials
JOBY,Joby Aviation Inc. Class a,Industrials
JOE,St Joe,Real Estate
JOUT,Johnson Outdoors Inc. Class a,Consumer Discretionary
JRVR,James River Group Holdings Inc.,Financials
JXN,Jackson Financial Inc. Class a,Financials
JYNT,Joint Corp.,Health Care
KAI,Kadant Inc.,Industrials
KALU,Kaiser Aluminium Corp.,Materials
KALV,Kalvista Pharmaceuticals Inc.,Health Care
KBH,Kb Home,Consumer Discretionary
KE,Kimball Electronics Inc.,Information Technology
KELYA,Kelly Services Inc. Class a,Industrials
KFRC,Kforce Inc.,Industrials
KFS,Kingsway Financial Services Inc.,Financials
KFY,Korn Ferry,Industrials
KG,Kestrel Group Ltd.,Financials
KGEI,Kolibri Global Energy Inc.,Energy
KGS,Kodiak Gas Services Inc.,Energy
KIDS,Orthopediatrics Corp.,Health Care
KINS,Kingstone Companies Inc.,Financials
KLC,Kindercare Learning Companies Inc.,Consumer Discretionary
KLIC,Kulicke and Soffa Industries Inc.,Information Technology
KLTR,Kaltura Inc.,Information Technology
KMT,Kennametal Inc.,Industrials
KMTS,Kestra Medical Technologies Ltd.,Health Care
KN,Knowles Corp.,Information Technology
KNF,Knife River Corp.,Materials
KNTK,Kinetik Holdings Inc. Class a,Energy
KOD,Kodiak Sciences Inc.,Health Care
KODK,Eastman Kodak,Information Technology
KOP,Koppers Holdings Inc.,Materials
KOPN,Kopin Corp.,Information Technology
KOS,Kosmos Energy Ltd.,Energy
KREF,Kkr Real Estate Finance Inc. Trust,Financials
KRG,Kite Realty Group Trust REIT,Real Estate
KRMD,Koru Medical Systems Inc.,Health Care
KRNY,Kearny Financial Corp.,Financials
KRO,Kronos Worldwide Inc.,Materials
KROS,Keros Therapeutics Inc.,Health Care
KRRO,Korro Bio Inc.,Health Care
KRT,Karat Packaging Inc.,Industrials
KRUS,Kura Sushi Usa Inc.,Consumer Discretionary
KRYS,Krystal Biotech Inc.,Health Care
KSS,Kohls Corp.,Consumer Discretionary
KTB,Kontoor Brands Inc.,Consumer Discretionary
KTOS,Kratos Defense and Security Soluti,Industrials
KULR,Kulr Technology Group Inc.,Industrials
KURA,Kura Oncology Inc.,Health Care
KW,Kennedy Wilson Holdings Inc.,Real Estate
KWR,Quaker Houghton Corp.,Materials
KYMR,Kymera Therapeutics Inc.,Health Care
LAB,Standard Biotools Inc.,Health Care
LADR,Ladder Capital Corp. Class a,Financials
LAKE,Lakeland Industries Inc.,Consumer Discretionary
LAND,Gladstone Land REIT Corp.,Real Estate
LARK,Landmark Bancorp Inc.,Financials
LASR,Nlight Inc.,Information Technology
LAUR,Laureate Education Inc.,Consumer Discretionary
LAW,Cs Disco Inc.,Information Technology
LBRT,Liberty Energy Inc. Class a,Energy
LBRX,Lb Pharmaceuticals Inc.,Health Care
LC,Lendingclub Corp.,Financials
LCII,Lci Industries,Consumer Discretionary
LCNB,Lcnb Corp.,Financials
LDI,Loandepot Inc. Class a,Financials
LE,Land End Inc.,Consumer Discretionary
LEG,Leggett & Platt Inc.,Consumer Discretionary
LEGH,Legacy Housing,Consumer Discretionary
LENZ,Lenz Therapeutics Inc.,Health Care
LEU,Centrus Energy Corp. Class a,Energy
LFCR,Lifecore Biomedical Inc.,Health Care
LFMD,Lifemd Inc.,Health Care
LFST,Lifestance Health Group Inc.,Health Care
LFT,Lument Finance Trust Inc.,Financials
LFVN,Lifevantage Corp.,Consumer Staples
LGIH,Lgi Homes Inc.,Consumer Discretionary
LGN,Legence Corp. Class a,Industrials
LGND,Ligand Pharmaceuticals Inc.,Health Care
LIF,Life360 Inc.,Information Technology
LILA,Liberty Latin America Ltd. Class a,Communication Services
LILAK,Liberty Latin America Ltd. Class C,Communication Services
LINC,Lincoln Educational Services Corp.,Consumer Discretionary
LIND,Lindblad Expeditions Holdings Inc.,Consumer Discretionary
LION,Lionsgate Studios Corp.,Communication Services
LIVN,Livanova PLC,Health Care
LKFN,Lakeland Financial Corp.,Financials
LMAT,Lemaitre Vascular Inc.,Health Care
LMB,Limbach Holdings Inc.,Industrials
LMND,Lemonade Inc.,Financials
LMNR,Limoneira,Consumer Staples
LNKB,Linkbancorp Inc.,Financials
LNN,Lindsay Corp.,Industrials
LNSR,Lensar Inc.,Health Care
LNTH,Lantheus Holdings Inc.,Health Care
LOB,Live Oak Bancshares Inc.,Financials
LOCO,El Pollo Loco Inc.,Consumer Discretionary
LOVE,Lovesac Company,Consumer Discretionary
LPG,Dorian LPg Ltd.,Energy
LPRO,Open Lending Corp.,Financials
LQDA,Liquidia Corp.,Health Care
LQDT,Liquidity Services Inc.,Industrials
LRMR,Larimar Therapeutics Inc.,Health Care
LRN,Stride Inc.,Consumer Discretionary
LTBR,Lightbridge Corp.,Energy
LTC,Ltc Properties REIT Inc.,Real Estate
LTH,Life Time Group Holdings Inc.,Consumer Discretionary
LUCD,Lucid Diagnostics Inc.,Health Care
LUMN,Lumen Technologies Inc.,Communication Services
LUNG,Pulmonx Corp.,Health Care
LUNR,Intuitive Machines Inc. Class a,Industrials
LVWR,Livewire Group Inc.,Consumer Discretionary
LWAY,Lifeway Foods Inc.,Consumer Staples
LXEO,Lexeo Therapeutics Inc.,Health Care
LXFR,Luxfer Holdings PLC,Industrials
LXP,Lxp Industrial Trust,Real Estate
LXU,Lsb Industries Inc.,Materials
LYTS,Lsi Industries Inc.,Industrials
LZ,Legalzoom Com Inc.,Industrials
LZB,La-Z-Boy Inc.,Consumer Discretionary
LZM,Lifezone Metals Ltd.,Materials
MAC,Macerich REIT,Real Estate
MAGN,Magnera Corp.,Materials
MAMA,Mamas Creations Inc.,Consumer Staples
MAPS,Wm Technology Inc. Class a,Information Technology
MARA,Mara Holdings Inc.,Information Technology
MASS,908 Devices Inc.,Information Technology
MATV,Mativ Holdings Inc.,Materials
MATW,Matthews International Corp. Class,Consumer Discretionary
MATX,Matson Inc.,Industrials
MAX,Mediaalpha Inc. Class a,Communication Services
MAZE,Maze Therapeutics Inc.,Health Care
MBC,Masterbrand Inc.,Industrials
MBCN,Middlefield Banc Corp.,Financials
MBI,Mbia Inc.,Financials
MBIN,Merchants Bancorp,Financials
MBUU,Malibu Boats Class a Inc.,Consumer Discretionary
MBWM,Mercantile Bank Corp.,Financials
MBX,Mbx Biosciences Inc.,Health Care
MC,Moelis Class a,Financials
MCB,Metropolitan Bank Holding Corp.,Financials
MCBS,Metrocity Bankshares Inc.,Financials
MCFT,Mastercraft Boat Holdings Inc.,Consumer Discretionary
MCHB,Mechanics Bancorp Class a,Financials
MCRI,Monarch Casino and Resort Inc.,Consumer Discretionary
MCS,The Marcus Corp.,Communication Services
MCW,Mister Car Wash Inc.,Consumer Discretionary
MCY,Mercury General Corp.,Financials
MD,Pediatrix Medical Group Inc.,Health Care
MDGL,Madrigal Pharmaceuticals Inc.,Health Care
MDV,Modiv Industrial Inc. Class C,Real Estate
MDWD,Mediwound Ltd.,Health Care
MDXG,Mimedx Group Inc.,Health Care
MEC,Mayville Engineering Company Inc.,Industrials
MED,Medifast Inc.,Consumer Staples
MEG,Montrose Environmental Grp Inc.,Industrials
MEI,Methode Electronics Inc.,Information Technology
METC,Ramaco Resources Inc. Class a,Materials
MFA,Mfa Financial Inc.,Financials
MFIN,Medallion Financial Corp.,Financials
MG,Mistras Group Inc.,Industrials
MGEE,Mge Energy Inc.,Utilities
MGNI,Magnite Inc.,Communication Services
MGPI,Mgp Ingredients Inc.,Consumer Staples
MGRC,Mcgrath Rent,Industrials
MGTX,Meiragtx Holdings PLC,Health Care
MGY,Magnolia Oil Gas Corp. Class a,Energy
MH,Mcgraw Hill Inc.,Consumer Discretionary
MHO,M I Homes Inc.,Consumer Discretionary
MIAX,Miami International Holdings Inc.,Financials
MIR,Mirion Technologies Inc. Class a,Information Technology
MIRM,Mirum Pharmaceuticals Inc.,Health Care
MITK,Mitek Systems Inc.,Information Technology
MITT,Tpg Mortgage Investment Trust Inc.,Financials
MKTW,Marketwise Inc. Class a,Financials
MLAB,Mesa Laboratories Inc.,Health Care
MLKN,Millerknoll Inc.,Industrials
MLP,Maui Land and Pineapple Inc.,Real Estate
MLR,Miller Industries Inc.,Industrials
MLYS,Mineralys Therapeutics Inc.,Health Care
MMI,Marcus & Millichap Inc.,Real Estate
MMS,Maximus Inc.,Industrials
MMSI,Merit Medical Systems Inc.,Health Care
MNKD,Mannkind Corp.,Health Care
MNPR,Monopar Therapeutics Inc.,Health Care
MNRO,Monro Inc.,Consumer Discretionary
MNSB,Mainstreet Bancshares Inc.,Financials
MNTK,Montauk Renewables Inc.,Utilities
MOD,Modine Manufacturing,Industrials
MOGA,Moog Inc. Class a,Industrials
MOV,Movado Group Inc.,Consumer Discretionary
MPAA,Motorcar Parts of America Inc.,Consumer Discretionary
MPB,Mid Penn Bancorp Inc.,Financials
MPLT,Maplight Therapeutics Inc.,Health Care
MPTI,M Tron Industries Inc.,Information Technology
MPX,Marine Products Corp.,Consumer Discretionary
MQ,Marqeta Inc. Class a,Financials
MRBK,Meridian Corp.,Financials
MRCY,Mercury Systems Inc.,Industrials
MRTN,Marten Transport Ltd.,Industrials
MRVI,Maravai Lifesciences Holdings Inc.,Health Care
MRX,Marex Group PLC,Financials
MSBI,Midland States Bancorp Inc.,Financials
MSEX,Middlesex Water,Utilities
MSGE,Madison Square Garden Entertainmen,Communication Services
MTH,Meritage Corp.,Consumer Discretionary
MTRN,Materion Corp.,Materials
MTRX,Matrix Service,Industrials
MTUS,Metallus Inc.,Materials
MTW,Manitowoc Inc.,Industrials
MTX,Minerals Technologies Inc.,Materials
MUR,Murphy Oil Corp.,Energy
MVBF,Mvb Financial Corp.,Financials
MVIS,Microvision Inc.,Information Technology
MVST,Microvast Holdings Inc.,Industrials
MWA,Mueller Water Products Inc. Series,Industrials
MXCT,Maxcyte Inc.,Health Care
MXL,Maxlinear Inc.,Information Technology
MYE,Myers Industries Inc.,Materials
MYFW,First Western Financial Inc.,Financials
MYGN,Myriad Genetics Inc.,Health Care
MYO,Myomo Inc.,Health Care
MYPS,Playstudios Inc. Class a,Communication Services
MYRG,Myr Group Inc.,Industrials
MZTI,Marzetti,Consumer Staples
NABL,N Able Inc.,Information Technology
NAGE,Niagen Bioscience Inc.,Consumer Staples
NAT,Nordic American Tankers Ltd.,Energy
NATH,Nathans Famous Inc.,Consumer Discretionary
NATL,Ncr Atleos Corp.,Financials
NATR,Natures Sunshine Products Inc.,Consumer Staples
NAVI,Navient Corp.,Financials
NAVN,Navan Inc. Class a,Consumer Discretionary
NB,Niocorp Developments Ltd.,Materials
NBBK,Nb Bancorp Inc.,Financials
NBHC,National Bank Holdings Corp. Class,Financials
NBN,Northeast Bank,Financials
NBR,Nabors Industries Ltd.,Energy
NBTB,Nbt Bancorp Inc.,Financials
NC,Nacco Industries Inc. Class a,Energy
NCMI,National Cinemedia Inc.,Communication Services
NE,Noble Corp.oration PLC,Energy
NECB,Northeast Community Bancorp Inc.,Financials
NEO,Neogenomics Inc.,Health Care
NEOG,Neogen Corp.,Health Care
NEON,Neonode Inc.,Information Technology
NESR,National Energy Services Reunited,Energy
NEWT,Newtekone Inc.,Financials
NEXN,Nexxen International Ltd.,Communication Services
NEXT,Nextdecade Corp.,Energy
NFBK,Northfield Bancorp Inc.,Financials
NFE,New Fortress Energy Inc. Class a,Energy
NG,Novagold Resources Inc.,Materials
NGNE,Neurogene Inc.,Health Care
NGS,Natural Gas Services Group Inc.,Energy
NGVC,Natural Grocers by Vitamin Cottage,Consumer Staples
NGVT,Ingevity Corp.,Materials
NHC,National Healthcare Corp.,Health Care
NHI,National Health Investors REIT Inc.,Real Estate
NIC,Nicolet Bankshares Inc.,Financials
NJR,New Jersey Resources Corp.,Utilities
NKSH,National Bankshares Inc.,Financials
NKTX,Nkarta Inc.,Health Care
NL,Nl Industries Inc.,Industrials
NLOP,Net Lease Office Properties,Real Estate
NMAX,Newsmax Inc. Class B,Communication Services
NMIH,Nmi Holdings Inc.,Financials
NMRK,Newmark Group Inc. Class a,Real Estate
NN,Nextnav Inc.,Information Technology
NNE,Nano Nuclear Energy Inc.,Industrials
NNI,Nelnet Inc. Class a,Financials
NNOX,Nano X Imaging Ltd.,Health Care
NODK,Ni Holdings Inc.,Financials
NOG,Northern Oil and Gas Inc.,Energy
NOVT,Novanta Inc.,Information Technology
NPB,Northpointe Bancshares Inc.,Financials
NPCE,Neuropace Inc.,Health Care
NPK,National Presto Industries Inc.,Industrials
NPKI,Npk International Inc.,Industrials
NPO,Enpro Inc.,Industrials
NPWR,Net Power Inc. Class a,Industrials
NRC,National Research Corp.,Health Care
NRDS,Nerdwallet Inc. Class a,Financials
NRDY,Nerdy Inc. Class a,Consumer Discretionary
NREF,Nexpoint Real Estate Finance Inc.,Financials
NRIM,Northrim Bancorp Inc.,Financials
NRIX,Nurix Therapeutics Inc.,Health Care
NSIT,Insight Enterprises Inc.,Information Technology
NSP,Insperity Inc.,Industrials
NSSC,Napco Security Technologies Inc.,Information Technology
NTB,Bank of Nt Butterfield & Son Ltd.,Financials
NTCT,Netscout Systems Inc.,Information Technology
NTGR,Netgear Inc.,Information Technology
NTLA,Intellia Therapeutics Inc.,Health Care
NTST,Netstreit Corp.,Real Estate
NUS,Nu Skin Enterprises Inc. Class a,Consumer Staples
NUTX,Nutex Health Inc.,Health Care
NUVB,Nuvation Bio Inc. Class a,Health Care
NUVL,Nuvalent Inc. Class a,Health Care
NVAX,Novavax Inc.,Health Care
NVCR,Novocure Ltd.,Health Care
NVCT,Nuvectis Pharma Inc.,Health Care
NVEC,Nve Corp.,Information Technology
NVGS,Navigator Holdings Ltd.,Energy
NVRI,Enviri Corp.,Industrials
NVTS,Navitas Semiconductor Corp.,Information Technology
NWBI,Northwest Bancshares Inc.,Financials
NWE,Northwestern Energy Group Inc.,Utilities
NWFL,Norwood Financial Corp.,Financials
NWN,Northwest Natural Holding Company,Utilities
NWPX,Nwpx Infrastructure Inc.,Industrials
NX,Quanex Building Products Corp.,Industrials
NXDR,Nextdoor Holdings Inc. Class a,Communication Services
NXDT,Nexpoint Diversified Real Estate T,Real Estate
NXRT,Nexpoint Residential Trust Inc.,Real Estate
NXT,Nextpower Inc. Class a,Industrials
NXXT,Nextnrg Inc.,Energy
OABI,Omniab Inc.,Health Care
OBK,Origin Bancorp Inc.,Financials
OBT,Orange County Bancorp Inc.,Financials
OCFC,Oceanfirst Financial Corp.,Financials
OCUL,Ocular Therapeutix Inc.,Health Care
ODC,Oil Dri Corp.oration of America,Consumer Staples
OEC,Orion Sa,Materials
OFG,Ofg Bancorp,Financials
OFIX,Orthofix Medical Inc.,Health Care
OFLX,Omega Flex Inc.,Industrials
OGS,One Gas Inc.,Utilities
OI,O I Glass Inc.,Materials
OII,Oceaneering International Inc.,Energy
OIS,Oil States International Inc.,Energy
OKLO,Oklo Inc. Class a,Utilities
OLMA,Olema Pharmaceuticals Inc.,Health Care
OLP,One Liberty Properties REIT Inc.,Real Estate
OLPX,Olaplex Holdings Inc.,Consumer Staples
OM,Outset Medical Inc.,Health Care
OMCL,Omnicell Inc.,Health Care
OMDA,Omada Health Inc.,Health Care
OMER,Omeros Corp.,Health Care
ONB,Old National Bancorp,Financials
ONEW,Onewater Marine Class a Inc.,Consumer Discretionary
ONIT,Onity Group Inc.,Financials
ONTF,On24 Inc.,Information Technology
OOMA,Ooma Inc.,Information Technology
OPAL,Opal Fuels Inc. Class a,Energy
OPBK,Op Bancorp,Financials
OPCH,Option Care Health Inc.,Health Care
OPFI,Oppfi Inc. Class a,Financials
OPK,Opko Health Inc.,Health Care
OPLN,Openlane Inc.,Industrials
OPRT,Oportun Financial Corp.,Financials
OPRX,Optimizerx Corp.,Health Care
OPTU,Optimum Communications Inc. Class a,Communication Services
ORA,Ormat Tech Inc.,Utilities
ORC,Orchid Island Capital Inc.,Financials
ORGO,Organogenesis Holdings Inc. Class a,Health Care
ORIC,Oric Pharmaceuticals Inc.,Health Care
ORKA,Oruka Therapeutics Inc.,Health Care
ORN,Orion Group Inc.,Industrials
ORRF,Orrstown Financial Services Inc.,Financials
OSBC,Old Second Bancorp Inc.,Financials
OSCR,Oscar Health Inc. Class a,Financials
OSG,Octave Specialty Group Inc.,Financials
OSIS,Osi Systems Inc.,Information Technology
OSPN,Onespan Inc.,Information Technology
OSUR,Orasure Technologies Inc.,Health Care
OSW,Onespaworld Holdings Ltd.,Consumer Discretionary
OTTR,Otter Tail Corp.,Utilities
OUST,Ouster Inc.,Information Technology
OUT,Outfront Media Inc.,Real Estate
OVBC,Ohio Valley Banc Corp.,Financials
OVLY,Oak Valley Bancorp,Financials
OXM,Oxford Industries Inc.,Consumer Discretionary
P5N994,Petrocorp Inc. Escrow,Energy
PACB,Pacific Biosciences of California,Health Care
PACK,Ranpak Holdings Corp. Class a,Materials
PACS,Pacs Group Inc.,Health Care
PAGS,Pagseguro Digital Ltd. Class a,Financials
PAHC,Phibro Animal Health Corp. Class a,Health Care
PAL,Proficient Auto Logistics Inc.,Industrials
PAMT,Pamt Corp.,Industrials
PANL,Pangaea Logistics Solutions Ltd.,Industrials
PAR,Par Technology Corp.,Information Technology
PARR,Par Pacific Holdings Inc.,Energy
PATK,Patrick Industries Inc.,Consumer Discretionary
PAX,Patria Investments Ltd. Class a,Financials
PAYO,Payoneer Global Inc.,Financials
PAYS,Paysign Inc.,Financials
PBF,Pbf Energy Inc. Class a,Energy
PBFS,Pioneer Bancorp Inc.,Financials
PBH,Prestige Consumer Healthcare Inc.,Health Care
PBI,Pitney Bowes Inc.,Industrials
PBYI,Puma Biotechnology Inc.,Health Care
PCB,Pcb Bancorp,Financials
PCRX,Pacira Biosciences Inc.,Health Care
PCT,Purecycle Technologies Inc.,Materials
PCVX,Vaxcyte Inc.,Health Care
PCYO,Pure Cycle Corp.,Utilities
PD,Pagerduty Inc.,Information Technology
PDEX,Pro Dex Inc.,Health Care
PDFS,Pdf Solutions Inc.,Information Technology
PDLB,Ponce Financial Group Inc.,Financials
PDLI,Pdl Biopharma Inc.,Health Care
PDM,Piedmont Realty Trust Inc. Class a,Real Estate
PDYN,Palladyne Ai Corp.,Industrials
PEB,Pebblebrook Hotel Trust REIT,Real Estate
PEBK,Peoples Bancorp of North Carolina,Financials
PEBO,Peoples Bancorp Inc.,Financials
PECO,Phillips Edison and Company Inc.,Real Estate
PENG,Penguin Solutions Inc.,Information Technology
PESI,Perma Fix Environmental Services I,Industrials
PFBC,Preferred Bank,Financials
PFIS,Peoples Financial Services Corp.,Financials
PFS,Provident Financial Services Inc.,Financials
PFSI,Pennymac Financial Services Inc.,Financials
PGC,Peapack Gladstone Financial Corp.,Financials
PGEN,Precigen Inc.,Health Care
PGNY,Progyny Inc.,Health Care
PGY,Pagaya Technologies Ltd. Class a,Information Technology
PHAT,Phathom Pharmaceuticals Inc.,Health Care
PHIN,Phinia Inc.,Consumer Discretionary
PHR,Phreesia Inc.,Health Care
PI,Impinj Inc.,Information Technology
PII,Polaris Inc.,Consumer Discretionary
PINE,Alpine Inc.ome Property Trust Inc.,Real Estate
PIPR,Piper Sandler Companies,Financials
PJT,Pjt Partners Inc. Class a,Financials
PKBK,Parke Bancorp Inc.,Financials
PKE,Park Aerospace Corp.,Industrials
PKOH,Park Ohio Holdings Corp.,Industrials
PKST,Peakstone Realty Trust Class E,Real Estate
PL,Planet Labs Class a,Industrials
PLAB,Photronics Inc.,Information Technology
PLAY,Dave and Busters Entertainment Inc.,Consumer Discretionary
PLBC,Plumas Bancorp,Financials
PLMR,Palomar Holdings Inc.,Financials
PLOW,Douglas Dynamics Inc.,Industrials
PLPC,Preformed Line Products,Industrials
PLSE,Pulse Biosciences Inc.,Health Care
PLTK,Playtika Holding Corp.,Communication Services
PLUG,Plug Power Inc.,Industrials
PLUS,Eplus,Information Technology
PLX,Protalix Biotherapeutics Inc.,Health Care
PLXS,Plexus Corp.,Information Technology
PMT,Pennymac Mortgage Investment Trust,Financials
PMTS,Cpi Card Group Inc.,Information Technology
PNBK,Patriot National Bancorp Inc.,Financials
PNRG,Primeenergy Resources Corp.,Energy
PNTG,Pennant Group Inc.,Health Care
POR,Portland General Electric,Utilities
POWI,Power Integrations Inc.,Information Technology
POWL,Powell Industries Inc.,Industrials
POWW,Outdoor Holding,Consumer Discretionary
PPTA,Perpetua Resources Corp.,Materials
PRA,Proassurance Corp.,Financials
PRAA,Pra Group Inc.,Financials
PRAX,Praxis Precision Medicines Inc.,Health Care
PRCH,Porch Group Inc.,Information Technology
PRCT,Procept Biorobotics Corp.,Health Care
PRDO,Perdoceo Education Corp.,Consumer Discretionary
PRG,Prog Holdings Inc.,Financials
PRGS,Progress Software Corp.,Information Technology
PRIM,Primoris Services Corp.,Industrials
PRK,Park National Corp.,Financials
PRKS,United Parks and Resorts Inc.,Consumer Discretionary
PRLB,Proto Labs Inc.,Industrials
PRM,Perimeter Solutions Inc.,Materials
PRME,Prime Medicine Inc.,Health Care
PROP,Prairie Operating,Energy
PRSU,Pursuit Attractions and Hospitalit,Consumer Discretionary
PRTA,Prothena PLC,Health Care
PRTH,Priority Technology Holdings Inc.,Financials
PRVA,Privia Health Group Inc.,Health Care
PSFE,Paysafe Ltd.,Financials
PSIX,Power Solutions International Inc.,Industrials
PSMT,Pricesmart Inc.,Consumer Staples
PSNL,Personalis Inc.,Health Care
PSTL,Postal Realty Trust Inc. Class a,Real Estate
PTCT,Ptc Therapeutics Inc.,Health Care
PTEN,Patterson Uti Energy Inc.,Energy
PTGX,Protagonist Therapeutics Inc.,Health Care
PTLO,Portillo S Inc. Class a,Consumer Discretionary
PTON,Peloton Interactive Class a Inc.,Consumer Discretionary
PUBM,Pubmatic Inc. Class a,Communication Services
PUMP,Propetro Holding Corp.,Energy
PVLA,Palvella Therapeutics Inc.,Health Care
PWP,Perella Weinberg Partners Class a,Financials
PXED,Phoenix Education Partners Inc.,Consumer Discretionary
PZZA,Papa Johns International Inc.,Consumer Discretionary
QBTS,D Wave Quantum Inc.,Information Technology
QCRH,Qcr Holdings Inc.,Financials
QDEL,Quidelortho Corp.,Health Care
QLYS,Qualys Inc.,Information Technology
QNST,Quinstreet Inc.,Communication Services
QSI,Quantum Si Inc. Class a,Health Care
QTRX,Quanterix Corp.,Health Care
QTWO,Q2 Holdings Inc.,Information Technology
QUAD,Quad Graphics Inc. Class a,Industrials
QUBT,Quantum Computing Inc.,Information Technology
RAMP,Liveramp Holdings Inc.,Information Technology
RAPP,Rapport Therapeutics Inc.,Health Care
RBB,Rbb Bancorp,Financials
RBBN,Ribbon Communications Inc.,Information Technology
RBCAA,Republic Bancorp Inc. Class a,Financials
RBKB,Rhinebeck Bancorp Inc.,Financials
RC,Ready Capital Corp.,Financials
RCAT,Red Cat Holdings Inc.,Industrials
RCEL,Avita Medical Inc.,Health Care
RCKT,Rocket Pharmaceuticals Inc.,Health Care
RCKY,Rocky Brands Inc.,Consumer Discretionary
RCMT,Rcm Technologies Inc.,Industrials
RCUS,Arcus Biosciences Inc.,Health Care
RDN,Radian Group Inc.,Financials
RDNT,Radnet Inc.,Health Care
RDVT,Red Violet Inc.,Information Technology
RDW,Redwire Corp.,Industrials
REAL,The Realreal Inc.,Consumer Discretionary
REAX,Real Brokerage Inc.,Real Estate
REFI,Chicago Atlantic Real Estate Finan,Financials
RELL,Richardson Electronics Ltd.,Information Technology
RELY,Remitly Global Inc.,Financials
REPL,Replimune Group Inc.,Health Care
REPX,Riley Exploration Permian Inc.,Energy
RES,Rpc Inc.,Energy
REX,Rex American Resources Corp.,Energy
REZI,Resideo Technologies Inc.,Industrials
RGCO,Rgc Resources Inc.,Utilities
RGNX,Regenxbio Inc.,Health Care
RGP,Resources Connection Inc.,Industrials
RGR,Sturm Ruger Inc.,Consumer Discretionary
RGTI,Rigetti Computing Inc.,Information Technology
RHLD,Resolute Holdings Management Inc.,Industrials
RHP,Ryman Hospitality Properties REIT,Real Estate
RICK,Rci Hospitality Holdings Inc.,Consumer Discretionary
RIG,Transocean Ltd.,Energy
RIGL,Rigel Pharmaceuticals Inc.,Health Care
RIOT,Riot Platforms Inc.,Information Technology
RLAY,Relay Therapeutics Inc.,Health Care
RLGT,Radiant Logistic Inc.,Industrials
RLJ,Rlj Lodging Trust REIT,Real Estate
RM,Regional Management Corp.,Financials
RMAX,Re Max Holdings Inc. Class a,Real Estate
RMBI,Richmond Mutual Bancorporation Inc.,Financials
RMBS,Rambus Inc.,Information Technology
RMNI,Rimini Street Inc.,Information Technology
RMR,Rmr Group Inc. Class a,Real Estate
RNA,Avidity Biosciences Inc.,Health Care
RNAC,Cartesian Therapeutics Inc.,Health Care
RNGR,Ranger Energy Services Inc. Class a,Energy
RNST,Renasant Corp.,Financials
ROAD,Construction Partners Inc. Class a,Industrials
ROCK,Gibraltar Industries Inc.,Industrials
ROG,Rogers Corp.,Information Technology
ROOT,Root Inc. Class a,Financials
RPAY,Repay Holdings Corp. Class a,Financials
RPC,Ridgepost Capital Inc. Class a,Financials
RPD,Rapid7 Inc.,Information Technology
RPT,Rithm Property Inc. Trust,Financials
RR,Richtech Robotics Inc. Class B,Industrials
RRBI,Red River Bancshares Inc.,Financials
RRR,Red Rock Resorts Ors Class a Inc.,Consumer Discretionary
RSI,Rush Street Interactive Inc. Class,Consumer Discretionary
RSVR,Reservoir Media Inc.,Communication Services
RUM,Rumble Inc. Class a,Communication Services
RUN,Sunrun Inc.,Industrials
RUSHA,Rush Enterprises Inc. Class a,Industrials
RUSHB,Rush Enterprises Inc. Class B,Industrials
RVLV,Revolve Group Class a Inc.,Consumer Discretionary
RVSB,Riverview Bancorp Inc.,Financials
RWT,Redwood Trust REIT Inc.,Financials
RXO,Rxo Inc.,Industrials
RXRX,Recursion Pharmaceuticals Inc. Clas,Health Care
RXST,Rxsight Inc.,Health Care
RXT,Rackspace Technology Inc.,Information Technology
RYAM,Rayonier Advanced Materials Inc.,Materials
RYTM,Rhythm Pharmaceuticals Inc.,Health Care
RYZ,Ryerson Holding Corp.,Materials
RZLT,Rezolute Inc.,Health Care
RZLV,Rezolve Ai PLC,Information Technology
SABR,Sabre Corp.,Consumer Discretionary
SAFE,Safehold Inc.,Real Estate
SAFT,Safety Insurance Group Inc.,Financials
SAFX,Xcf Global Inc. Class a,Energy
SAH,Sonic Automotive Inc. Class a,Consumer Discretionary
SAMG,Silvercrest Asset Management Group,Financials
SANA,Sana Biotechnology Inc.,Health Care
SANM,Sanmina Corp.,Information Technology
SATL,Satellogic Inc. Class a,Industrials
SATS,Echostar Corp. Class a,Communication Services
SB,Safe Bulkers Inc.,Industrials
SBC,Sbc Medical Group Holdings Inc.,Health Care
SBCF,Seacoast Banking of Florida,Financials
SBFG,Sb Financial Group Inc.,Financials
SBGI,Sinclair Inc. Class a,Communication Services
SBH,Sally Beauty Holdings Inc.,Consumer Discretionary
SBRA,Sabra Health Care REIT Inc.,Real Estate
SBSI,Southside Bancshares Inc.,Financials
SBT,Sterling Bancorp Inc.,Financials
SCHL,Scholastic Corp.,Communication Services
SCL,Stepan,Materials
SCSC,Scansource Inc.,Information Technology
SCVL,Shoe Carnival Inc.,Consumer Discretionary
SD,Sandridge Energy Inc.,Energy
SDGR,Schrodinger Inc.,Health Care
SDRL,Seadrill Ltd.,Energy
SEAT,Vivid Seats Inc. Class a,Communication Services
SEG,Seaport Entertainment Group Inc.,Real Estate
SEI,Solaris Oilfield Infrastructure in,Energy
SEM,Select Medical Holdings Corp.,Health Care
SEMR,Semrush Holdings Inc. Class a,Information Technology
SENEA,Seneca Foods Corp. Class a,Consumer Staples
SEPN,Septerna Inc.,Health Care
SERV,Serve Robotics Inc.,Consumer Discretionary
SEVN,Seven Hills Realty Trust,Financials
SEZL,Sezzle Inc.,Financials
SFBC,Sound Financial Bancorp Inc.,Financials
SFBS,Servisfirst Bancshares Inc.,Financials
SFIX,Stitch Fix Inc. Class a,Consumer Discretionary
SFL,Sfl Ltd.,Energy
SFNC,Simmons First National Corp. Class,Financials
SFST,Southern First Bancshares Inc.,Financials
SG,Sweetgreen Inc. Class a,Consumer Discretionary
SGC,Superior Group of Companies Inc.,Consumer Discretionary
SGHC,Super Group Ltd.,Consumer Discretionary
SGHT,Sight Sciences Inc.,Health Care
SGRY,Surgery Partners Inc.,Health Care
SHAK,Shake Shack Inc. Class a,Consumer Discretionary
SHBI,Shore Bancshares Inc.,Financials
SHEN,Shenandoah Telecommunications,Communication Services
SHLS,Shoals Technologies Group Inc. Clas,Industrials
SHO,Sunstone Hotel Investors REIT Inc.,Real Estate
SHOO,Steven Madden Ltd.,Consumer Discretionary
SI,Shoulder Innovations Inc.,Health Care
SIBN,Si Bone Inc.,Health Care
SIEB,Siebert Financial Corp.,Financials
SIG,Signet Jewelers Ltd.,Consumer Discretionary
SIGA,Siga Technologies Inc.,Health Care
SIGI,Selective Insurance Group Inc.,Financials
SILA,Sila Rlty Tr Inc. Trust,Real Estate
SION,Sionna Therapeutics Inc.,Health Care
SITC,Site Centers Corp.,Real Estate
SITM,Sitime Corp.,Information Technology
SKIL,Skillsoft Corp. Class a,Industrials
SKIN,Beauty Health Company Class a Clas,Consumer Staples
SKT,Tanger Inc.,Real Estate
SKWD,Skyward Specialty Insurance Group,Financials
SKY,Champion Homes Inc.,Consumer Discretionary
SKYH,Sky Harbour Group Corp. Class a,Industrials
SKYT,Skywater Technology Inc.,Information Technology
SKYW,Skywest Inc.,Industrials
SKYX,Skyx Platforms Corp.,Industrials
SLAB,Silicon Laboratories Inc.,Information Technology
SLDB,Solid Biosciences Inc.,Health Care
SLDE,Slide Insurance Holdings Inc.,Financials
SLDP,Solid Power Inc. Class a,Consumer Discretionary
SLG,Sl Green Realty REIT Corp.,Real Estate
SLND,Southland Holdings Inc.,Industrials
SLNO,Soleno Therapeutics Inc.,Health Care
SLP,Simulations Plus Inc.,Health Care
SLQT,Selectquote Inc.,Financials
SLS,Sellas Life Sciences Group Inc.,Health Care
SLSN,Solesence Inc.,Materials
SLVM,Sylvamo Corp.,Materials
SM,Sm Energy,Energy
SMA,Smartstop Self Storage REIT Inc.,Real Estate
SMBC,Southern Missouri Bancorp Inc.,Financials
SMBK,Smartfinancial Inc.,Financials
SMC,Summit Midstream Corp.,Energy
SMHI,Seacor Marine Holdings Inc.,Energy
SMID,Smith Midland Corp.,Materials
SMP,Standard Motor Products Inc.,Consumer Discretionary
SMPL,The Simply Good Foods Company,Consumer Staples
SMR,Nuscale Power Corp. Class a,Industrials
SMTC,Semtech Corp.,Information Technology
SMTI,Sanara Medtech Inc.,Health Care
SNBR,Sleep Number Corp.,Consumer Discretionary
SNCY,Sun Country Airlines Holdings Inc.,Industrials
SNDA,Sonida Senior Living Inc.,Health Care
SNDX,Syndax Pharmaceuticals Inc.,Health Care
SNEX,Stonex Group Inc.,Financials
SNFCA,Security National Financial Corp. C,Financials
SNWV,Sanuwave Health Inc.,Health Care
SOC,Sable Offshore Corp. Class a,Energy
SONO,Sonos Inc.,Consumer Discretionary
SOUN,Soundhound Ai Inc. Class a,Information Technology
SPB,Spectrum Brands Holdings Inc.,Consumer Staples
SPFI,South Plains Financial Inc.,Financials
SPHR,Sphere Entertainment Class a,Communication Services
SPIR,Spire Global Inc. Class a,Industrials
SPNT,Siriuspoint Ltd.,Financials
SPOK,Spok Holdings Inc.,Communication Services
SPRY,Ars Pharmaceuticals Inc.,Health Care
SPSC,Sps Commerce Inc.,Information Technology
SPT,Sprout Social Inc. Class a,Information Technology
SPWR,Sunpower Inc.,Industrials
SPXC,Spx Technologies Inc.,Industrials
SR,Spire Inc.,Utilities
SRBK,Sr Bancorp Inc.,Financials
SRCE,1St Source Corp.,Financials
SRRK,Scholar Rock Holding Corp.,Health Care
SRTA,Strata Critical Medical Inc. Class,Health Care
SSP,Ew Scripps Class a,Communication Services
SSRM,Ssr Mining Inc.,Materials
SSTI,Soundthinking Inc.,Information Technology
SSTK,Shutterstock Inc.,Communication Services
STAA,Staar Surgical,Health Care
STBA,S and T Bancorp Inc.,Financials
STC,Stewart Info Services Corp.,Financials
STEL,Stellar Bancorp Inc.,Financials
STEP,Stepstone Group Inc. Class a,Financials
STGW,Stagwell Inc. Class a,Communication Services
STIM,Neuronetics Inc.,Health Care
STKL,Sunopta Inc.,Consumer Staples
STNE,Stoneco Ltd. Class a,Financials
STNG,Scorpio Tankers Inc.,Energy
STOK,Stoke Therapeutics Inc.,Health Care
STRA,Strategic Education Inc.,Consumer Discretionary
STRL,Sterling Infrastructure Inc.,Industrials
STRS,Stratus Properties Inc.,Real Estate
STRT,Strattec Security Corp.,Consumer Discretionary
STRW,Strawberry Fields REIT Inc.,Real Estate
STRZ,Starz Entertainment Corp.,Communication Services
STXS,Stereotaxis Inc.,Health Care
SUNS,Sunrise Realty Trust Inc.,Financials
SUPN,Supernus Pharmaceuticals Inc.,Health Care
SVC,Service Properties Trust,Real Estate
SVCO,Silvaco Group Inc.,Information Technology
SVRA,Savara Inc.,Health Care
SVV,Savers Value Village Inc.,Consumer Discretionary
SWBI,Smith Wesson Brands Inc.,Consumer Discretionary
SWIM,Latham Group Inc.,Consumer Discretionary
SWKH,Swk Holdings Corp.,Financials
SWX,Southwest Gas Holdings Inc.,Utilities
SXC,Suncoke Energy Inc.,Materials
SXI,Standex International Corp.,Industrials
SXT,Sensient Technologies Corp.,Materials
SYBT,Stock Yards Bancorp Inc.,Financials
SYNA,Synaptics Inc.,Information Technology
SYRE,Spyre Therapeutics Inc.,Health Care
TALK,Talkspace Inc.,Health Care
TALO,Talos Energy Inc.,Energy
TARA,Protara Therapeutics Inc.,Health Care
TARS,Tarsus Pharmaceuticals Inc.,Health Care
TBBK,Bancorp Inc.,Financials
TBCH,Turtle Beach Corp.,Information Technology
TBI,Trueblue Inc.,Industrials
TBPH,Theravance Biopharma Inc.,Health Care
TBRG,Trubridge Inc.,Health Care
TCBI,Texas Capital Bancshares Inc.,Financials
TCBK,Trico Bancshares,Financials
TCBX,Third Coast Bancshares Inc.,Financials
TCI,Transcontinental Realty Investors,Real Estate
TCMD,Tactile Systems Technology Inc.,Health Care
TCX,Tucows Inc.,Information Technology
TDAY,Usa Today Inc.,Communication Services
TDOC,Teladoc Health Inc.,Health Care
TDS,Telephone and Data Systems Inc.,Communication Services
TDUP,Thredup Inc. Class a,Consumer Discretionary
TDW,Tidewater Inc.,Energy
TE,T1 Energy Inc.,Industrials
TEAD,Teads Holding,Communication Services
TECX,Tectonic Therapeutic Inc.,Health Care
TENB,Tenable Holdings Inc.,Information Technology
TERN,Terns Pharmaceuticals Inc.,Health Care
TEX,Terex Corp.,Industrials
TFIN,Triumph Financial Inc.,Financials
TG,Tredegar Corp.,Materials
TGLS,Tecnoglass Inc.,Industrials
TGNA,Tegna Inc.,Communication Services
TGTX,Tg Therapeutics Inc.,Health Care
TH,Target Hospitality Corp.,Consumer Discretionary
THFF,First Financial Corp.oration Corp.,Financials
THR,Thermon Group Holdings Inc.,Industrials
THRD,Third Harmonic Bio Inc.,Health Care
THRM,Gentherm Inc.,Consumer Discretionary
THRY,Thryv Holdings Inc.,Communication Services
TIC,Tic Solutions Inc.,Industrials
TILE,Interface Inc.,Industrials
TIPT,Tiptree Inc.,Financials
TITN,Titan Machinery Inc.,Industrials
TK,Teekay Corp.oration Corp. Ltd.,Energy
TKNO,Alpha Teknova Inc.,Health Care
TLS,Telos Corp.oration Corp.,Information Technology
TLSI,Trisalus Lf Sc Cm a,Health Care
TMCI,Treace Medical Concepts Inc.,Health Care
TMDX,Transmedics Group Inc.,Health Care
TMHC,Taylor Morrison Home Corp.,Consumer Discretionary
TMP,Tompkins Financial Corp.,Financials
TNC,Tennant,Industrials
TNDM,Tandem Diabetes Care Inc.,Health Care
TNET,Trinet Group Inc.inary,Industrials
TNGX,Tango Therapeutics Inc.,Health Care
TNK,Teekay Tankers Ltd. Class a,Energy
TNXP,Tonix Pharmaceuticals Holding Corp.,Health Care
TOI,Oncology Institute Inc.,Health Care
TOWN,Townebank,Financials
TPB,Turning Point Brands Inc.,Consumer Staples
TPC,Tutor Perini Corp.,Industrials
TPH,Tri Pointe Homes Inc.,Consumer Discretionary
TR,Tootsie Roll Industries Inc.,Consumer Staples
TRAK,Repositrak Inc.,Information Technology
TRC,Tejon Ranch,Real Estate
TRDA,Entrada Therapeutics Inc.,Health Care
TREE,Lendingtree Inc.,Financials
TRIP,Tripadvisor Inc.,Communication Services
TRMK,Trustmark Corp.,Financials
TRN,Trinity Industries Inc.,Industrials
TRNO,Terreno Realty REIT Corp.,Real Estate
TRNS,Transcat Inc.,Industrials
TROX,Tronox Holdings PLC,Materials
TRS,Trimas Corp.,Materials
TRST,Trustco Bank Corp.,Financials
TRTX,Tpg Re Finance Trust Inc.,Financials
TRUP,Trupanion Inc.,Financials
TRVI,Trevi Therapeutics Inc.,Health Care
TSBK,Timberland Bancorp Inc.,Financials
TSE,Trinseo PLC,Materials
TSHA,Taysha Gene Therapies Inc.,Health Care
TSSI,Tss Inc.,Information Technology
TTAM,Titan America Sa,Materials
TTEC,Ttec Holdings Inc.,Industrials
TTGT,Techtarget Inc.,Communication Services
TTI,Tetra Technologies Inc.,Energy
TTMI,Ttm Technologies Inc.,Information Technology
TUSK,Mammoth Energy Services Inc.,Energy
TVGN,Tevogen Bio Holdings Inc.,Health Care
TVRD,Tvardi Therapeutics Inc.,Health Care
TVTX,Travere Therapeutics Inc.,Health Care
TWI,Titan International Inc.,Industrials
TWO,Two Harbors Investment Corp.,Financials
TWST,Twist Bioscience Corp.,Health Care
TXG,10X Genomics Inc. Class a,Health Care
TXNM,Txnm Energy Inc.,Utilities
TYRA,Tyra Biosciences Inc.,Health Care
TZOO,Travelzoo,Communication Services
UAMY,United States Antimony Corp.,Materials
UBFO,United Security Bancshares,Financials
UBSI,United Bankshares Inc.,Financials
UCB,United Community Banks Inc.,Financials
UCTT,Ultra Clean Holdings Inc.,Information Technology
UDMY,Udemy Inc.,Consumer Discretionary
UE,Urban Edge Properties,Real Estate
UEC,Uranium Energy Corp.,Energy
UFCS,United Fire Group Inc.,Financials
UFPI,Ufp Industries Inc.,Industrials
UFPT,Ufp Technologies Inc.,Health Care
UHT,Universal Health Realty Inc.ome Tru,Real Estate
UIS,Unisys Corp.,Information Technology
ULCC,Frontier Group Holdings Inc.,Industrials
ULH,Universal Logistics Holdings Inc.,Industrials
UMBF,Umb Financial Corp.,Financials
UMH,Umh Properties Inc.,Real Estate
UNB,Union Bankshares Inc.,Financials
UNF,Unifirst Corp.,Industrials
UNFI,United Natural Foods Inc.,Consumer Staples
UNIT,Uniti Group Inc.,Communication Services
UNTY,Unity Bancorp Inc.,Financials
UPB,Upstream Bio Inc.,Health Care
UPBD,Upbound Group Inc.,Consumer Discretionary
UPST,Upstart Holdings Inc.,Financials
UPWK,Upwork Inc.,Industrials
URBN,Urban Outfitters Inc.,Consumer Discretionary
URGN,Urogen Pharma Ltd.,Health Care
USAR,Usa Rare Earth Inc. Class a,Materials
USAU,Us Gold Corp.,Materials
USCB,Uscb Financial Holdings Inc. Class,Financials
USLM,United States Lime and Minerals in,Materials
USNA,Usana Health Sciences Inc.,Consumer Staples
USPH,Us Physical Therapy Inc.,Health Care
UTI,Universal Technical Institute Inc.,Consumer Discretionary
UTL,Unitil Corp.,Utilities
UTMD,Utah Medical Products Inc.,Health Care
UTZ,Utz Brands Inc. Class a,Consumer Staples
UUUU,Energy Fuels Inc.,Energy
UVE,Universal Insurance Holdings Inc.,Financials
UVSP,Univest Financial Corp.,Financials
UVV,Universal Corp.,Consumer Staples
VABK,Virginia National Bankshares Corp.,Financials
VAC,Marriott Vacations Worldwide Corp.,Consumer Discretionary
VAL,Valaris Ltd.,Energy
VALU,Value Line Inc.,Financials
VC,Visteon Corp.,Consumer Discretionary
VCEL,Vericel Corp.,Health Care
VCTR,Victory Capital Holdings Class a I,Financials
VCYT,Veracyte Inc.,Health Care
VECO,Veeco Instruments Inc.,Information Technology
VEL,Velocity Financial Inc.,Financials
VERA,Vera Therapeutics Inc. Class a,Health Care
VERX,Vertex Inc. Class a,Information Technology
VGAS,Verde Clean Fuels Inc. Class a,Energy
VHI,Valhi Inc.,Materials
VIA,Via Transportation Inc. Class a,Information Technology
VIAV,Viavi Solutions Inc.,Information Technology
VICR,Vicor Corp.,Industrials
VIR,Vir Biotechnology Inc.,Health Care
VIRC,Virco Manufacturing Corp.,Industrials
VISN,Vistance Networks Inc.,Information Technology
VITL,Vital Farms Inc.,Consumer Staples
VLGEA,Village Super Market Inc. Class a,Consumer Staples
VLY,Valley National,Financials
VMD,Viemed Healthcare Inc.,Health Care
VNDA,Vanda Pharmaceuticals Inc.,Health Care
VOXR,Vox Royalty Corp.,Materials
VOYG,Voyager Technologies Inc. Class a,Industrials
VPG,Vishay Precision Group Inc.,Information Technology
VRDN,Viridian Therapeutics Ors Inc.,Health Care
VRE,Veris Residential Inc.,Real Estate
VREX,Varex Imaging Corp.,Health Care
VRM,Vroom Inc.,Financials
VRNS,Varonis Systems Inc.,Information Technology
VRRM,Verra Mobility Corp. Class a,Industrials
VRTS,Virtus Investment Partners Inc.,Financials
VSAT,Viasat Inc.,Information Technology
VSCO,Victoria S Secret,Consumer Discretionary
VSEC,Vse Corp.,Industrials
VSH,Vishay Intertechnology Inc.,Information Technology
VSTM,Verastem Inc.,Health Care
VSTS,Vestis Corp.,Industrials
VTEX,Vtex Class a,Information Technology
VTOL,Bristow Group Inc.,Energy
VTS,Vitesse Energy Inc.,Energy
VUZI,Vuzix Corp.,Information Technology
VVX,V2X Inc.,Industrials
VYGR,Voyager Therapeutics Inc.,Health Care
VYX,Ncr Voyix Corp.,Information Technology
WABC,Westamerica Bancorporation,Financials
WAFD,Wafd Inc.,Financials
WALD,Waldencast PLC Class a,Consumer Staples
WASH,Washington Trust Bancorp Inc.,Financials
WAY,Waystar Holding Corp.,Health Care
WBTN,Webtoon Entertainment Inc.,Communication Services
WD,Walker & Dunlop Inc.,Financials
WDFC,Wd-40,Consumer Staples
WEAV,Weave Communications Inc.,Information Technology
WERN,Werner Enterprises Inc.,Industrials
WEST,Westrock Coffee,Consumer Staples
WEYS,Weyco Group Inc.,Consumer Discretionary
WGO,Winnebago Industries Inc.,Consumer Discretionary
WGS,Genedx Holdings Corp. Class a,Health Care
WHD,Cactus Inc. Class a,Energy
WHG,Westwood Holdings Group Inc.,Financials
WINA,Winmark Corp.,Consumer Discretionary
WK,Workiva Inc. Class a,Information Technology
WKC,World Kinect Corp.,Energy
WLDN,Willdan Group Inc.,Industrials
WLFC,Willis Lease Finance Corp.,Industrials
WLY,John Wiley and Sons Inc. Class a,Communication Services
WMK,Weis Markets Inc.,Consumer Staples
WNC,Wabash National Corp.,Industrials
WNEB,Western New England Bancorp Inc.,Financials
WOOF,Petco Health and Wellness Company,Consumer Discretionary
WOR,Worthington Enterprises Inc.,Industrials
WRBY,Warby Parker Inc. Class a,Consumer Discretionary
WRLD,World Acceptance Corp.,Financials
WS,Worthington Steel Inc.,Materials
WSBC,Wesbanco Inc.,Financials
WSBF,Waterstone Financial Inc.,Financials
WSFS,Wsfs Financial Corp.,Financials
WSR,Whitestone REIT,Real Estate
WT,Wisdomtree Inc.,Financials
WTBA,West Bancorporation Inc.,Financials
WTI,W and T Offshore Inc.,Energy
WTS,Watts Water Technologies Inc. Class,Industrials
WTTR,Select Water Solutions Inc. Class a,Energy
WULF,Terawulf Inc.,Information Technology
WVE,Wave Life Sciences Ltd.,Health Care
WWW,Wolverine World Wide Inc.,Consumer Discretionary
WYFI,Whitefiber Inc.,Information Technology
XENE,Xenon Pharmaceuticals Inc.,Health Care
XERS,Xeris Biopharma Holdings Inc.,Health Care
XHR,Xenia Hotels Resorts REIT Inc.,Real Estate
XMTR,Xometry Inc. Class a,Industrials
XNCR,Xencor Inc.,Health Care
XOMA,Xoma Royalty Corp.,Health Care
XPEL,Xpel Inc.,Consumer Discretionary
XPER,Xperi Inc.,Information Technology
XPOF,Xponential Fitness Inc. Class a,Consumer Discretionary
XPRO,Expro Group Holdings Nv,Energy
XRN,Chiron Real Estate Inc.,Real Estate
XRX,Xerox Holdings Corp.,Information Technology
YELP,Yelp Inc.,Communication Services
YEXT,Yext Inc.,Information Technology
YORW,York Water,Utilities
YOU,Clear Secure Inc. Class a,Information Technology
ZBIO,Zenas Biopharma Inc.,Health Care
ZD,Ziff Davis Inc.,Communication Services
ZETA,Zeta Global Holdings Corp. Class a,Information Technology
ZGN,Ermenegildo Zegna Nv,Consumer Discretionary
ZIP,Ziprecruiter Inc. Class a,Communication Services
ZSPC,Zspace,Consumer Discretionary
ZUMZ,Zumiez Inc.,Consumer Discretionary
ZVIA,Zevia Class a,Consumer Staples
ZVRA,Zevra Therapeutics Inc.,Health Care
ZWS,Zurn Elkay Water Solutions Corp.,Industrials
ZYME,Zymeworks Inc.,Health Care
